Country Name,Country Code,1960,1961,1962,1963,1964,1965,1966,1967,1968,1969,1970,1971,1972,1973,1974,1975,1976,1977,1978,1979,1980,1981,1982,1983,1984,1985,1986,1987,1988,1989,1990,1991,1992,1993,1994,1995,1996,1997,1998,1999,2000,2001,2002,2003,2004,2005,2006,2007,2008,2009,2010,2011,2012,2013,2014,2015,2016,Unnamed: 61
Aruba,ABW,,,,,,,,,,,,,,,,,,,,,,,,,,,,,,,0.0,,,,,,2.768382663,,,4.5061790980000005,15.44282295,17.1,18.8,20.8,23.0,25.4,28.0,30.9,52.0,58.0,62.0,69.0,74.0,78.9,83.78,88.66122693,93.54245387,
Afghanistan,AFG,,,,,,,,,,,,,,,,,,,,,,,,,,,,,,,0.0,,,,,,,,,,,0.004722568,0.004561395,0.087891253,0.10580903,1.224148084,2.107123645,1.9,1.84,3.55,4.0,5.0,5.454545455,5.9,7.0,8.26,10.59572642,
Angola,AGO,,,,,,,,,,,,,,,,,,,,,,,,,,,,,,,0.0,,,,,,0.000775929,0.0056737459999999995,0.018453723999999998,0.071964087,0.105045562,0.13601386699999998,0.270376746,0.370682065,0.46481461799999996,1.143366827,1.5,1.7,1.9,2.3,2.8,3.1,6.5,8.9,10.2,12.4,13.0,
Albania,ALB,,,,,,,,,,,,,,,,,,,,,,,,,,,,,,,0.0,,,,,0.011168695,0.032196828,0.048593919000000006,0.06502737,0.081437045,0.11409734699999999,0.325798377,0.39008127299999995,0.971900415,2.420387798,6.043890864,9.609991316,15.03611541,23.86,41.2,45.0,49.0,54.65595904,57.2,60.1,63.2529327,66.3634447,
Andorra,AND,,,,,,,,,,,,,,,,,,,,,,,,,,,,,,,0.0,,,,,,1.5266010230000002,3.050175385,6.886209217999999,7.635686142999999,10.53883561,,11.26046872,13.54641288,26.83795439,37.60576622,48.936847,70.87,70.04,78.53,81.0,81.0,86.43442462,94.0,95.9,96.91,97.93063712,
Arab World,ARB,,,,,,,,,,,,,,,,,,,,,,,,,,,,,,,0.0,,,,,0.0170250493596283,0.0377606883732282,0.131045576769495,0.261615115235843,0.59858214958073,1.13954112265022,1.5612881697743202,2.6930610133684905,3.6458807826885002,7.00681246096266,8.3931417251246,11.654647915116,14.2059022370414,18.5935311754225,21.5453538966708,24.5357799041128,26.6454640754155,30.274490592614697,32.9846785409226,36.4830135817024,39.8674632904891,42.026887258193796,
United Arab Emirates,ARE,,,,,,,,,,,,,,,,,,,,,,,,,,,,,,,0.0,,,,,0.102939175,0.375393534,3.2955926939999998,6.908302986,14.94269899,23.62530088,26.2717542,28.31648531,29.47795341,30.13129617,40.0,52.0,61.0,63.0,64.0,68.0,78.0,84.99999150000001,88.0,90.4,90.5,90.60000732,
Argentina,ARG,,,,,,,,,,,,,,,,,,,,,,,,,,,,,,,0.0,,0.0029928740000000004,0.029527065,0.04370595099999999,0.08627708099999999,0.14195470400000001,0.280339882,0.83076668,3.284481956,7.038683086,9.780807285,10.88212438,11.91369655,16.03668411,17.72058337,20.927202100000002,25.94663294,28.11262348,34.0,45.0,51.0,55.8,59.9,64.7,68.04306411,70.15076431,
Armenia,ARM,,,,,,,,,,,,,,,,,,,,,,,,,,,,,,,0.0,,,,0.009117014,0.052743122999999996,0.09457290199999999,0.111650935,0.128659478,0.970737757,1.300470022,1.631094667,1.960405046,4.575217225,4.899008571,5.252983352,5.631787777,6.021253397000001,6.21,15.3,25.0,32.0,37.5,41.9,54.62280586,59.10237771,62.0,
American Samoa,ASM,,,,,,,,,,,,,,,,,,,,,,,,,,,,,,,0.0,,,,,,,,,,,,,,,,,,,,,,,,,,,
Antigua and Barbuda,ATG,,,,,,,,,,,,,,,,,,,,,,,,,,,,,,,0.0,,,,,2.200768802,2.858449577,3.480536838,4.0717165,5.300681138,6.482225737,8.899285515,12.5,17.22864878,24.26654372,27.0,30.0,34.0,38.0,42.0,47.0,52.0,58.0,63.4,67.78,70.0,73.0,
Australia,AUS,,,,,,,,,,,,,,,,,,,,,,,,,,,,,,,0.5850947120000001,1.097203891,1.768764913,1.9746110159999999,2.2321012540000003,2.759654513,3.27524987,16.36935838,30.81323944,40.783783899999996,46.75611561,52.68926643,,,,63.0,66.0,69.45,71.67,74.25,76.0,79.48769771,79.0,83.45349717,84.0,84.56051935,88.23865805,
Austria,AUT,,,,,,,,,,,,,,,,,,,,,,,,,,,,,,,0.13036937699999998,0.259081553,0.642817619,0.76534273,1.393422968,1.890210524,6.909162352999999,9.533974317,15.42121932,23.0443171,33.73013295,39.18545018,36.56,42.7,54.28,58.0,63.6,69.37,72.87,73.45,75.17,78.73999309999999,80.02999392,80.6188,80.99582496,83.94014193,84.32333129,
Azerbaijan,AZE,,,,,,,,,,,,,,,,,,,,,,,,,,,,,,,0.0,,,,0.001431415,0.002055556,0.006354585,0.025187933,0.037485108999999996,0.09922894199999999,0.147757576,0.305564638,4.999713678,,,8.030375356,11.99217733,14.54,17.08,27.4,46.0,50.0,54.2,73.00000137,75.00001564,77.0,78.2,
Burundi,BDI,0.0,,,,,0.0,,,,,0.0,,,,,0.0,0.0,0.0,0.0,0.0,0.0,0.0,0.0,0.0,0.0,0.0,0.0,0.0,0.0,0.0,0.0,0.0,0.0,0.0,0.0,0.0,0.000803592,0.007979439,0.015842776,0.039204469,0.077248447,0.106001245,0.11822841199999999,0.201273197,0.349060462,0.5421428660000001,0.65759259,0.7,0.81,0.9,1.0,1.11,1.219999945,1.264218111,1.38,4.866224464,5.173626777,
Belgium,BEL,,,,,,,,,,,,,,,,,,,,,,,,,,,,,,,0.00100674,0.020072645,0.10004102699999999,0.19944605899999998,0.69599469,0.99166299,2.968411647,4.93808091,7.886622701,13.77221446,29.43169169,31.28839551,46.33,49.97,53.86,55.82,59.72,64.44,66.0,70.0,75.0,81.609996,80.71999055,82.1702,85.0,85.0529,86.5165,
Benin,BEN,,,,,,,,,,,,,,,,,,,,,,,,,,,,,,,0.0,,,,,,0.0016930999999999997,0.024648796,0.047877304,0.154906741,0.22524785100000003,0.36341789,0.702945595,0.951327115,1.182540965,1.2710314390000002,1.537854346,1.79,1.85,2.24,3.13,4.148323066000001,4.5,4.9,6.0,11.25498791,11.99404791,
Burkina Faso,BFA,,,,,,,,,,,,,,,,,,,,,,,,,,,,,,,0.0,,,,,,0.000960519,0.018686353,0.04542348400000001,0.061780293,0.077080169,0.157732465,0.200992598,0.373440303,0.400295285,0.469914489,0.632707564,0.75,0.92,1.13,2.4,3.0,3.7250349160000003,9.1,9.4,11.38764617,13.96,
Bangladesh,BGD,,,,,,,,,,,,,,,,,,,,,,,,,,,,,,,0.0,,,,,,,0.000751046,0.003684813,0.036170407,0.071039423,0.129807974,0.139920289,0.163877665,0.19903633399999998,0.241637326,1.0,1.8,2.5,3.1,3.7,4.5,5.0,6.63,13.9,14.4,18.246938,
Bulgaria,BGR,,,,,,,,,,,,,,,,,,,,,,,,,,,,,,,0.0,,,0.002339042,0.019526669,0.11966554900000001,0.725251167,1.219813132,1.844965121,2.908154025,5.370923469,7.612297749,9.08,12.04,18.13,19.97,27.09,33.64,39.67,45.0,46.23,47.97999305,51.89998767,53.0615,55.49,56.6563,59.82554766,
Bahrain,BHR,,,,,,,,,,,,,,,,,,,,,,,,,,,,,,,0.0,,,,,0.346205844,0.8432542190000001,1.6462992019999998,3.2182021510000003,4.720358118,6.1537325460000005,15.03863425,18.05072089,21.55494499,21.45868051,21.30373351,28.24395243,32.91,51.95,53.0,55.0,76.9999665,88.0,90.0000397,90.50313348,93.47830114,97.99998070000001,
"Bahamas, The",BHS,,,,,,,,,,,,,,,,,,,,,,,,,,,,,,,0.0,,,,,0.960030721,1.746950698,1.3629539030000002,2.33559071,3.764557822,8.0,11.8,18.0,20.0,22.0,25.0,26.0,27.0,31.54,33.88,43.0,65.0,71.74820281,72.0,76.92,78.0,80.0,
Bosnia and Herzegovina,BIH,,,,,,,,,,,,,,,,,,,,,,,,,,,,,,,0.0,,,,,,0.015125563,0.059425563,0.14367106,0.19437420000000002,1.08296075,1.2005269509999998,2.6482679140000003,3.9650368339999997,15.46897162,21.326701,25.12238569,27.92,34.66,37.74,42.75,47.77,52.78,57.79,60.8,65.06550279999999,69.33100561,
Belarus,BLR,,,,,,,,,,,,,,,,,,,,,,,,,,,,,,,0.0,,,,0.000485951,0.0029212540000000003,0.029298294,0.049020891,0.073868897,0.494881245,1.860398126,4.300616022,8.950971315,,,,16.2,19.7,23.0,27.43,31.8,39.64889566,46.91,54.17,59.02,67.3,71.11304576,
Belize,BLZ,,,,,,,,,,,,,,,,,,,,,,,,,,,,,,,0.0,,,,,0.04539718,0.882807327,1.288582302,2.091516391,4.076740564,5.963835303,,5.684251214,,9.8,17.0,24.0,24.6,26.3,27.2,28.2,30.7,31.0,33.6,38.7,41.59,44.57574032,
Bermuda,BMU,,,,,,,,,,,,,,,,,,,,,,,,,,,,,,,0.0,,,,,6.838163465,16.20246602,24.18925674,32.10375935,39.94758876,42.94986002,47.5096999,52.03159737,56.52201218,60.99086701,65.44706579,69.89965516,74.35059403,82.3,83.25,84.21,88.336,91.29930452,95.3,96.8,98.32360965,98.0,
Bolivia,BOL,,,,,,,,,,,,,,,,,,,,,,,,,,,,,,,0.0,,,,,0.066807568,0.196081174,0.447839036,0.6264840620000001,0.981815187,1.442763585,2.120462534,3.117192947,3.508596401,4.439924601,5.227583957,6.200671255,10.49924432,12.5,16.8,22.4,30.0,35.34,36.99,34.6,35.56227065,39.6975146,
Brazil,BRA,,,,,,,,,,,,,,,,,,,,,,,,,,,,,,,0.0,0.003288171,0.012946262,0.025498253,0.037672709,0.105138168,0.450789179,0.786079155,1.477874959,2.038732184,2.8706851589999998,4.528494869,9.149425086,13.2075861,19.07367227,21.02274725,28.17838018,30.88,33.83,39.22,40.65,45.69,48.56,51.04,54.55100188,58.32795173,59.68274736,
Barbados,BRB,,,,,,,,,,,,,,,,,,,,,,,,,,,,,,,0.0,,,,,0.007752238000000001,0.389464214,0.783428912,1.970249237,2.376247035,3.973678355,11.93645034,27.83632242,39.68962712,49.8,52.5,55.3,58.2,61.4,64.7,65.1,66.5,71.2,71.8,75.16,76.11,79.54939789,
Brunei Darussalam,BRN,,,,,,,,,,,,,,,,,,,,,,,,,,,,,,,0.0,,,,,1.017080166,3.3033499269999997,4.831057905,6.284742844,7.671041206,8.996284533999999,12.91776908,15.32987986,19.59500322,29.71560414,36.46639195,42.18634916,44.68,46.0,49.0,53.0,56.0,60.27306504,64.5,68.77,71.2,75.0,
Bhutan,BTN,,,,,,,,,,,,,,,,,,,,,,,,,,,,,,,0.0,,,,,,,,,0.137571514,0.40094444700000004,0.8646285640000001,1.6758025840000002,2.436912399,3.1569841960000002,3.847106745,4.518317258,5.92,6.55,7.17,13.6,14.4,15.6,22.4,30.3,39.8,41.77264453,
Botswana,BWA,0.0,,,,,0.0,,,,,0.0,,,,,0.0,0.0,0.0,0.0,0.0,0.0,0.0,0.0,0.0,0.0,0.0,0.0,0.0,0.0,0.0,0.0,0.0,,,,0.064521041,0.15745423,0.30774685,0.602400929,1.122391474,2.902666622,3.430886787,3.385922351,3.345190174,3.3048892530000002,3.262554036,4.289932975,5.28,6.25,6.15,6.0,9.0,16.0,30.0,36.74474744,37.31205037,39.36299738,
Central African Republic,CAF,,,,,,,,,,,,,,,,,,,,,,,,,,,,,,,0.0,,,,,,0.005849503000000001,0.014270881000000001,0.027878201000000002,0.040894287,0.053394174,0.078543428,0.128537117,0.15156333800000002,0.223401395,0.268195609,0.311159173,0.37581596100000003,1.0,1.8,2.0,2.2,3.0,3.4,3.6,3.8,4.0,
Canada,CAN,,,,,,,,,,,,,,,,,,,,,,,,,,,,,,,0.360999701,0.570385926,0.91598104,1.184557509,2.378693853,4.163525253,6.76023965,15.07235736,24.8974003,36.18644004,51.3,60.2,61.59329927,64.2,65.95596346,71.66,72.4,73.2,76.7,80.3,80.3,83.0,83.0,85.8,87.12,88.47,89.84,
Central Europe and the Baltics,CEB,,,,,,,,,,,,,,,,,,,,,,,,,,,,,,,0.0,,,0.148650057833134,0.38928487026973607,0.621930637874331,1.06819515317938,1.79009341538276,3.5115639019918596,4.959357017385139,7.0376502069315805,10.215365127314499,18.194171915119604,22.5126441012438,29.1504442319344,34.647293217762396,40.6587637475186,45.1142814939245,50.48331469867001,54.8702244711506,58.3501669587243,58.857392135160396,61.509548771110204,63.2909720670007,66.3278506484822,67.2013683742247,71.18731468358949,
Switzerland,CHE,,,,,,,,,,,,,,,,,,,,,,,,,,,,,,,0.595714223,1.17995597,1.7517133219999999,2.167270203,2.7200043289999996,3.5520072110000003,4.549656748,15.1,24.8,34.0,47.1,55.1,61.4,65.1,67.8,70.1,75.7,77.2,79.2,81.3,83.9,85.19302818,85.2,86.34,87.4,87.4790556,89.4055681,
Channel Islands,CHI,,,,,,,,,,,,,,,,,,,,,,,,,,,,,,,,,,,,,,,,,,,,,,,,,,,,,,,,,,
Chile,CHL,,,,,,,,,,,,,,,,,,,,,,,,,,,,,,,0.0,,0.036548937999999996,0.07178314400000001,0.141084507,0.346980781,0.68347561,1.0570924959999999,1.662322022,4.103419297,16.6,19.1,22.1,25.47377889,28.17791012,31.17534703,34.49775117,35.9,37.3,41.56,45.0,52.24960729,55.05,58.0,61.11,64.289,66.01,
China,CHN,,,,,,,,,,,,,,,,,,,,,,,,,,,,,,,0.0,,,0.00016868,0.001168115,0.00495471,0.013081691999999999,0.032394861000000004,0.168540297,0.708187957,1.7759132069999999,2.639650215,4.595704331,6.2,7.3,8.523257003,10.52315262,16.0,22.6,28.9,34.3,38.3,42.30011749,45.8,47.9,50.3,53.2,
Cote d'Ivoire,CIV,,,,,,,,,,,,,,,,,,,,,,,,,,,,,,,0.0,,,,,0.00020025599999999997,0.00840978,0.018828361000000002,0.060974439000000005,0.11868591699999999,0.231461671,0.39574770200000003,0.497929361,0.758669629,0.849282415,1.039238205,1.5249007909999999,1.8,1.9,2.0,2.7,2.9,5.0,12.0,19.2742298,21.88520842,26.52722561,
Cameroon,CMR,,,,,,,,,,,,,,,,,,,,,,,,,,,,,,,0.0,,,,,,,0.006768744,0.013216341000000001,0.129067581,0.252120078,0.277051322,0.36087158399999997,0.587622611,0.976075415,1.402654226,2.028744791,2.93,3.4,3.84,4.3,5.0,7.5,10.0,16.21487223,20.68014766,25.0,
"Congo, Dem. Rep.",COD,,,,,,,,,,,,,,,,,,,,,,,,,,,,,,,0.0,,,,,,0.000108207,0.000211213,0.000413065,0.001009076,0.005902114,0.011475782,0.09279070199999999,0.13491483699999998,0.196208375,0.238037799,0.29605361,0.37,0.44,0.56,0.72,1.2,1.679961015,2.2,3.0,3.799999507,6.20997406,
"Congo, Rep.",COG,,,,,,,,,,,,,,,,,,,,,,,,,,,,,,,0.0,,,,,,0.00352686,0.003469104,0.003415143,0.016791049,0.026354732000000002,0.032223616000000004,0.157249517,0.460014187,1.07750493,1.46342006,2.0079900790000003,2.7597043739999996,4.287509903,4.5,5.0,5.6,6.1066950239999995,6.6,7.11,7.615974662,8.121949322999999,
Colombia,COL,,,,,,,,,,,,,,,,,,,,,,,,,,,,,,,0.0,,,,0.107173945,0.18804679,0.330017773,0.5505210229999999,1.126225245,1.6977307940000002,2.207532993,2.8541999710000003,4.6,7.388923711,9.118690303,11.00726389,15.34167454,21.8,25.6,30.0,36.5,40.35091575,48.98,51.7,52.57,55.90497251,58.13649357,
Comoros,COM,,,,,,,,,,,,,,,,,,,,,,,,,,,,,,,0.0,,,,,,,0.0,0.03787097,0.148162964,0.27174060699999997,0.44306837299999996,0.554869675,0.84818937,1.327327178,2.0,2.2,2.5,3.0,3.5,5.1,5.5,5.975296308,6.5,6.98,7.459161386,7.938322771,
Cabo Verde,CPV,,,,,,,,,,,,,,,,,,,,,,,,,,,,,,,0.0,,,,,,,0.24096792,0.47273500799999996,1.159982461,1.822443852,2.685332713,3.518757175,4.3248853910000005,5.31883207,6.074087107,6.808911008,8.28321982,14.0,21.0,30.0,32.0,34.74,37.5,40.26,47.96162392,48.1652774,
Costa Rica,CRI,,,,,,,,,,,,,,,,,,,,,,,,,,,,,,,0.0,,0.001113325,0.081509754,0.279912479,0.416829206,0.84105704,1.6402212880000002,2.666378698,3.9043232569999997,5.800253023,9.559482135,19.89485113,20.33361481,20.79230671,22.07,25.1,28.4,32.29,34.33,36.5,39.212196,47.5,45.96,53.0,59.76295014,66.02871285,
Caribbean small states,CSS,,,,,,,,,,,,,,,,,,,,,,,,,,,,,,,0.0,,,,,0.19391210798222303,0.554448785657479,0.9046809032626009,1.9438763878457799,3.3791231954056604,4.9408777835035,8.35771143055343,11.8222968144436,14.9761847218461,16.8911922859142,19.4889586933704,22.3448525653783,24.4938786960068,27.724047406196103,31.9269499652323,35.7431661251675,42.4288614204559,42.854068730445796,45.580822372068006,48.631683483622204,50.849633163755506,53.747351613498104,
Cuba,CUB,,,,,,,,,,,,,,,,,,,,,,,,,,,,,,,0.0,,,,,9.17e-05,0.031949001,0.068220214,0.226699199,0.314690541,0.541182549,1.0797517220000001,3.770585038,5.241269054,8.407984759,9.738062207999999,11.15960131,11.69,12.94,14.33,15.9,16.017290799999998,21.2,27.93,29.07018437,37.30509742,38.76586728,
Curacao,CUW,,,,,,,,,,,,,,,,,,,,,,,,,,,,,,,,,,,,,,,,,,,,,,,,,,,,,,,,,61.85551074,
Cayman Islands,CYM,,,,,,,,,,,,,,,,,,,,,,,,,,,,,,,0.0,,,0.0,0.0,3.948967193,,,,,,,,,,38.03438308,44.5,52.0,61.0,64.5,66.0,69.46594499,69.7,71.4,74.1,77.0,79.0,
Cyprus,CYP,,,,,,,,,,,,,,,,,,,,,,,,,,,,,,,0.0,,0.05006043,0.056367482000000003,0.111034621,0.410120685,0.6733435409999999,4.378272095,8.890539159,11.34239866,15.25539437,18.81875904,28.32,30.09,33.83,32.81,35.83,40.77,42.31,49.81,52.99,56.85989235,60.6898684,65.4548,69.33,71.7159,75.90036019,
Czech Republic,CZE,,,,,,,,,,,,,,,,,,,,,,,,,,,,,,,0.0,,,0.581319529,1.2592178379999999,1.45357584,1.9403781930000001,2.915698695,3.895906065,6.832802018,9.780527888,14.69717212,23.93,34.3,35.5,35.27,47.93,51.93,62.97,64.43,68.82,70.49,73.43000782,74.1104,74.23171164,75.6688387,76.48120138,
Germany,DEU,,,,,,,,,,,,,,,,,,,,,,,,,,,,,,,0.125892223,0.250274153,0.43528529,0.463635096,0.922541043,1.8377377540000002,3.054805234,6.711087477,9.877852427999999,20.84598264,30.2163466,31.65093942,48.82,55.9,64.73,68.71,72.16,75.16,78.0,79.0,82.0,81.26999954,82.34999847,84.17,86.19,87.5898,89.64710059,
Djibouti,DJI,,,,,,,,,,,,,,,,,,,,,,,,,,,,,,,0.0,,,,,0.01603083,0.031166241,0.082941498,0.094696004,0.105761909,0.194500528,0.34352626299999994,0.486971705,0.625940229,0.781317175,0.953611449,1.270041159,1.62,2.26,4.0,6.5,7.0,8.267232892,9.5,10.71,11.92243143,13.13491511,
Dominica,DMA,,,,,,,,,,,,,,,,,,,,,,,,,,,,,,,0.0,,,,,0.548762737,1.165518146,,2.9253451910000003,2.932164377,8.814844198,13.24522804,18.42489277,23.62041985,30.31961309,38.54364326,39.398174299999994,40.27446301,41.16,42.02,47.45,48.6,49.8,51.0,57.5,65.0,67.03,
Denmark,DNK,,,,,,,,,,,,,,,,,,,,,,,,,,,,,,,0.09727726800000001,0.194056515,0.38691395100000003,0.578329976,1.34430775,3.82565642,5.714987841,11.38200494,22.66874615,30.59204065,39.17243086,42.95752472,64.25,76.26,80.93,82.74,86.65,85.03,85.02,86.84,88.72,89.81001339,92.26001172,94.6297,95.99,96.3305,96.96778525,
Dominican Republic,DOM,,,,,,,,,,,,,,,,,,,,,,,,,,,,,,,0.0,,,,,0.017233601,0.074987053,0.142687565,0.233914189,1.104743874,3.7046923560000002,4.429390697,6.823725733,7.898392937000001,8.865553461000001,11.48319778,14.84492837,17.66,20.82,27.72,31.4,38.0,42.32,45.9,49.58,54.21576634,61.32819041,
Algeria,DZA,,,,,,,,,,,,,,,,,,,,,,,,,,,,,,,0.0,,,,0.000360674,0.0017689539999999999,0.0017385329999999998,0.010268463,0.020238555,0.199523843,0.491705679,0.646114017,1.59164126,2.195359731,4.634475088,5.843942092000001,7.375984956,9.451190626,10.18,11.23,12.5,14.9,18.2,22.5,29.5,38.2,42.94552688,
East Asia & Pacific (excluding high income),EAP,,,,,,,,,,,,,,,,,,,,,,,,,,,,,,,0.0,,,0.00116240390457773,0.0040327946209939205,0.013044957073088002,0.0337092235897055,0.0942622163556517,0.32417675120237605,0.8533515967717091,1.89711573714638,2.7790903207406803,4.40499029956146,5.762101638384861,6.8852653928599405,8.31914345113676,10.173972404693698,14.3826941837589,19.260137883981198,23.7692424795223,28.9575716226662,32.385761192165,36.0683494482816,39.7089333070242,42.062233673822796,45.210102630003206,48.3866206866568,
Early-demographic dividend,EAR,,,,,,,,,,,,,,,,,,,,,,,,,,,,,,,0.000245348288310992,,,,0.0150194646160513,0.0454400074257125,0.0806408421881191,0.16349928665702199,0.344094257042961,0.6131099855649879,1.23885886441976,1.6946738713548797,2.84786780383334,3.41689711537773,4.21715139559982,4.89542836735158,5.783498058985,7.34926115343191,8.51581029205518,9.714252577274632,12.8497121976811,15.477513080657802,18.1240290492809,20.9539718191445,25.4777233790344,30.1865527604951,33.436065856782605,
East Asia & Pacific,EAS,,,,,,,,,,,,,,,,,,,,,,,,,,,,,,,0.007288276366132379,,,0.0792779216331958,0.11738210036914501,0.20957789757662698,0.46473374052892796,1.0798503563912198,1.8827873526446999,3.40640827418481,5.59267987619975,7.25216610885268,8.99358781820125,10.547243645707901,12.596964208773699,14.6663590411098,16.6178275669865,20.7665234457067,25.2535662134479,29.513197608660803,34.2308383100865,37.365155967458,40.709345490799606,44.577349432458604,46.812103208352006,49.7879236470475,52.7963207892303,
Europe & Central Asia (excluding high income),ECA,,,,,,,,,,,,,,,,,,,,,,,,,,,,,,,0.0,,,0.0105241102123661,0.0407925974884634,0.0942542514088437,0.19686860160620898,0.378006266692866,0.7075762435918221,1.1420240518140299,2.02351500980652,2.97725410402823,5.15537298470128,7.48384545516359,10.9761769765591,12.711557317523699,15.270499280988199,20.621899794496898,24.1292484232203,27.7395545087855,35.884480701960605,40.7872027807421,48.7039417205927,52.870309015374204,56.9014198917902,60.2640560125954,63.672749849472396,
Europe & Central Asia,ECS,,,,,,,,,,,,,,,,,,,,,,,,,,,,,,,0.0481163868746305,,0.26259039033284803,0.31777316148076,0.5648669499876071,1.02401254155792,1.8429124462075799,3.3603483535122103,5.43592191216688,9.24401995765593,13.1841466737921,16.405569321507002,23.057519317659196,28.3633742254841,32.3590858652093,35.2269322280585,38.0834867000107,43.6743815037404,47.35904473065129,50.5660384154691,56.1191173283575,58.834630390890005,63.486253443122905,66.306668615053,68.9443512173395,71.16200266705029,73.9147507289322,
Ecuador,ECU,,,,,,,,,,,,,,,,,,,,,,,,,,,,,,,0.0,,0.005118035,0.016400751,0.034833586,0.043833641,0.086161276,0.110217959,0.125272771,0.823371634,1.462188536,2.670443674,4.260796915,4.460228345,4.8344426380000005,5.994255161,7.2,10.8,18.8,24.6,29.03,31.36680836,35.13514645,40.27912194,45.59039067,48.94043379,54.06292473,
"Egypt, Arab Rep.",EGY,,,,,,,,,,,,,,,,,,,,,,,,,,,,,,,0.0,,,0.000975791,0.00638327,0.031319638,0.061466899000000005,0.090480245,0.147987377,0.29044527800000003,0.641265038,0.838945611,2.719999715,4.037885107,11.92,12.75,13.66,16.03,18.01,20.0,21.6,25.6,26.4,29.4,33.89460391,37.81938343,39.21381268,
Euro area,EMU,,,,,,,,,,,,,,,,,,,,,,,,,,,,,,,0.0728005517324699,0.16973970365338098,0.326614548171711,0.469641300685022,0.848076676487896,1.70297472423692,2.8829474496822596,5.109878060041651,8.01717122658864,15.2404512234562,22.524339350029898,27.351403053830104,35.1914655201503,42.0964231941086,47.484585952429,51.260509137886,54.936500794265,61.383049668314705,64.8436095190836,67.1298299480528,71.0367223917875,72.0011635086995,74.0921361934431,75.8215600952257,77.0023222916101,78.6663456723052,80.44672593081991,
Eritrea,ERI,,,,,,,,,,,,,,,,,,,,,,,,,,,,,,,0.0,,,0.0,0.0,0.0,0.0,0.009017718000000001,0.008774236,0.025495028,0.136711941,0.157815289,0.227090138,,,,,0.41,0.47,0.54,0.61,0.7,0.8,0.9,0.99,1.0837331159999999,1.17711872,
Spain,ESP,,,,,,,,,,,,,,,,,,,,,,,,,,,,,,,0.012873563999999999,0.025686194,0.076845453,0.127689668,0.280069738,0.380800728,1.3318474040000001,2.803319625,4.361892394,7.085039677999999,13.62496081,18.14872269,20.39,39.93,44.01,47.88,50.37,55.11,59.6,62.4,65.8,67.08999939,69.80999994,71.635,76.19,78.6896,80.56133294,
Estonia,EST,,,,,,,,,,,,,,,,,,,,,,,,,,,,,,,0.0,,0.065484797,0.30071128199999997,1.1597509129999999,2.778968489,3.525111129,5.706276548,10.79603483,14.50089724,28.57695381,31.52748977,41.52,45.32,53.2,61.45,63.51,66.19,70.58,72.5,74.1,76.5,78.38992593,80.0043,84.24152803,88.4118116,87.23733209,
Ethiopia,ETH,,,,,,,,,,,,,,,,,,,,,,,,,,,,,,,0.0,,,,,1.75e-05,0.001703448,0.00496672,0.009663517,0.012541598999999999,0.015263767,0.037162381,0.072402262,0.105811659,0.155334521,0.21965981899999998,0.310592657,0.37,0.45,0.54,0.75,1.1,2.9,4.6,7.7,11.6,15.36692386,
European Union,EUU,,,,,,,,,,,,,,,,,,,,,,,,,,,,,,,0.06936128170882201,0.17191119327971302,0.310568781429567,0.433902297141921,0.827393720364442,1.5821306169916498,2.80645733412674,5.120836791160401,8.42141726785372,14.584290290623601,20.5594099770398,25.302976377410896,35.1432839919252,41.8295269875728,46.839543550382004,50.982855099049395,54.5575015226479,60.3068532838896,64.20183012034761,67.2244322562583,70.6405273863781,71.51902351123691,73.7061519154293,75.5428368269042,77.1139914118683,78.4329000006293,80.76910503378659,
Fragile and conflict affected situations,FCS,,,,,,,,,,,,,,,,,,,,,,,,,,,,,,,0.0,,,,,,,0.035524551886204,0.0726483271993865,0.126237237342388,0.256229658711354,0.25118971626772196,0.525203206486077,0.7481102265260909,1.05318958673897,1.47816183637333,1.89113751770681,3.0682683701159603,2.98997061478939,3.87926961327689,6.2241768418139,6.890273855595059,8.50671130837726,10.3229652621479,12.405306719848499,15.4929313999472,17.493883005357002,
Finland,FIN,,,,,,,,,,,,,,,,,,,,,,,,,,,,,,,0.40108767,1.3974393319999998,1.88687977,2.568461349,4.915098554,13.90030389,16.78007526,19.458682800000002,25.45252493,32.29509229,37.24846174,43.10536335,62.43,69.22,72.39,74.48,79.66,80.78,83.67,82.49,86.89,88.70999491,89.87999797,91.5144,86.53039275,86.42213333,87.70364996,
Fiji,FJI,,,,,,,,,,,,,,,,,,,,,,,,,,,,,,,0.0,,,0.006678447,0.007907399,0.009115343,0.064437142,0.223454842,0.633167865,0.942462063,1.496854734,1.857978594,6.1526497,6.725434738,7.412943485,8.453636634,9.6000384,10.89783105,13.0,17.0,20.0,28.0,33.74235675,35.2,37.4,42.5,46.50697831,
France,FRA,,,,,,,,,,,,,,,,,,,,,,,,,,,,,,,0.052777862,0.140113895,0.279049463,0.5906193829999999,0.899867425,1.637947245,2.584033979,4.255003872,6.319778722000001,9.125317889,14.30792394,26.32590355,30.18,36.14,39.15,42.87,46.87,66.09,70.68,71.58,77.28,77.81999899,81.44,81.9198,83.75,84.6945,85.62219995,
Faroe Islands,FRO,,,,,,,,,,,,,,,,,,,,,,,,,,,,,,,0.0,,,,,0.0,2.318786811,4.601297566,11.33786848,22.29753835,32.91639236,43.24698352,53.29922183,58.91264097,66.53359947,67.90263174,69.35944512,75.98,75.57,75.18,75.2,80.7321728,85.33518924,90.0,93.3,94.2,95.10868167,
"Micronesia, Fed. Sts.",FSM,,,,,,,,,,,,,,,,,,,,,,,,,,,,,,,0.0,,,,,,0.278037795,0.570676845,1.858718785,2.7975940689999996,3.734862137,4.660527199,5.570099705,9.2325021,11.01786731,11.881369099999999,12.75033925,13.62113273,14.49,15.35,20.0,22.8,25.974423,27.8,29.65,31.50108128,33.35216255,
Gabon,GAB,,,,,,,,,,,,,,,,,,,,,,,,,,,,,,,0.0,,,,,,0.0,0.047999009,0.17012488,0.249009564,1.216140618,1.347620222,1.9395301059999999,2.659586594,2.9790697999999995,4.89326475,5.489200802999999,5.767004576000001,7.5,9.5,13.0,18.0,24.0,30.53803344,38.07120929,45.78453653,48.05227375,
United Kingdom,GBR,,,,,,,,,,,,,,,,,,,,,,,,,,,,,,,0.087355319,0.17423092199999998,0.260615159,0.519762001,1.0366091659999999,1.8951682840000001,4.123650336,7.3853989570000005,13.669983100000001,21.29363827,26.82175435,33.48109487,56.48,64.82,65.61,70.0,68.82,75.09,78.39,83.56,85.0,85.37999855,87.47999842,89.8441,91.61,92.0003,94.77580063,
Georgia,GEO,,,,,,,,,,,,,,,,,,,,,,,,,,,,,,,0.0,,,,,0.011836885,0.040065419,0.060930332999999996,0.10283095699999999,0.416343567,0.484746299,0.9923444359999999,1.58787563,2.558816481,3.886221354,6.079457629,7.526876845,8.26,10.01,20.07,26.9,31.52,36.94,43.3,44.0,47.56975964,50.00163739,
Ghana,GHA,,,,,,,,,,,,,,,,,,,,,,,,,,,,,,,0.0,,,,,0.000347918,0.005648763,0.027537542,0.032240443,0.10489546599999999,0.153615298,0.20000806,0.8302840340000001,1.193057911,1.716797704,1.831197461,2.723175973,3.85,4.27,5.44,7.8,9.0,10.6,15.0,25.51773743,31.44785241,34.66600065,
Gibraltar,GIB,,,,,,,,,,,,,,,,,,,,,,,,,,,,,,,0.0,,,,,,,2.662907268,4.1837943289999995,5.9369782970000005,19.13163812,21.17110944,23.67023975,28.32577979,32.88608261,39.07013088,45.29864751,51.61,58.0,65.07,65.0,65.0,65.017,,,,94.44447158,
Guinea,GIN,,,,,,,,,,,,,,,,,,,,,,,,,,,,,,,0.0,,,,0.00013831799999999999,0.0006685889999999999,0.0019489420000000002,0.0038031090000000003,0.006203369,0.060808919,0.09542492400000001,0.17554186800000002,0.402022749,0.450960371,0.5088193320000001,0.542254181,0.637492123,0.7800252790000001,0.92,0.94,1.0,2.0,3.1,4.5,6.4,8.2,9.8,
"Gambia, The",GMB,,,,,,,,,,,,,,,,,,,,,,,,,,,,,,,0.0,,,,,0.009217541,0.03550736,0.051311347,0.206094461,0.715827015,0.9217949190000001,1.336791166,1.7967798830000001,2.4367811930000003,3.3080034780000003,3.7990011389999996,5.2376911580000005,6.205037419,6.88,7.63,9.2,10.8703,12.44922872,14.0,15.56,16.5,18.5,
Guinea-Bissau,GNB,,,,,,,,,,,,,,,,,,,,,,,,,,,,,,,0.0,,,,,,,0.016389063,0.024060421000000002,0.117702448,0.23010317100000002,0.299569145,1.022993234,1.3541974780000001,1.808142203,1.901365316,2.057196705,2.206302237,2.354888711,2.3032805919999997,2.45,2.6719999999999997,2.8939906210000004,3.1,3.32,3.540706917,3.7614138319999997,
Equatorial Guinea,GNQ,,,,,,,,,,,,,,,,,,,,,,,,,,,,,,,0.0,,,,,,,0.041462292000000005,0.094423774,0.097415945,0.132354665,0.16526042300000002,0.321197997,0.5205242720000001,0.843930285,1.149789671,1.279193596,1.557123059,1.82,2.13,6.0,11.5,13.94318219,16.4,18.86,21.31999999,23.77999997,
Greece,GRC,,,,,,,,,,,,,,,,,,,,,,,,,,,,,,,0.0,0.048788803,0.048291602,0.191062242,0.378174312,0.749616477,1.395360779,1.849634688,3.221821786,6.877292144,9.138837308,10.93502581,14.67,17.8,21.42,24.0,32.25,35.88,38.2,42.4,44.4,51.64999517,55.06999344,59.8663,63.21,66.835,69.08791547,
Grenada,GRD,0.0,,,,,0.0,,,,,0.0,,,,,0.0,0.0,0.0,0.0,0.0,0.0,0.0,0.0,0.0,0.0,0.0,0.0,0.0,0.0,0.0,0.0,0.0,0.0,0.0,0.0,0.0,0.298032982,0.990883868,1.484854484,2.4731661469999997,4.063907991000001,5.128103982,14.75884055,18.64518218,19.57062058,20.48780488,21.39599117,22.29,23.18,24.05,27.0,30.0,32.0,35.0,51.6,53.81,55.85640782,
Greenland,GRL,,,,,,,,,,,,,,,,,,,,,,,,,,,,,,,0.0,,,,0.064712121,0.053940342,1.796719191,7.9545046820000005,14.65444717,21.60261331,31.74781123,35.46413689,44.15478903,54.53425983,56.09901476,57.703404500000005,59.36168727,61.07,62.82,62.83,63.0,64.0,64.8960101,65.8,66.7,67.60044348,68.50087368,
Guatemala,GTM,,,,,,,,,,,,,,,,,,,,,,,,,,,,,,,0.0,,,,,0.002998005,0.019534871000000002,0.095476021,0.466590444,0.592652945,0.712332905,1.738201782,3.39174627,4.548854908,5.1,5.7,6.5,7.3,8.3,9.3,10.5,12.3,16.0,19.7,23.4,28.80594156,34.50932609,
Guam,GUM,,,,,,,,,,,,,,,,,,,,,,,,,,,,,,,0.0,,,,0.34845391,0.659530909,1.356106888,2.344571647,4.50128419,8.497176323,16.11312704,25.38022753,31.19229426,33.71668179,36.16178784,38.55987756,43.851442999999996,46.15047362,48.41870215,50.64202838,54.04,57.7,61.53415931,65.4,69.27,73.13999995,77.00999989,
Guyana,GUY,,,,,,,,,,,,,,,,,,,,,,,,,,,,,,,0.0,,,,,,0.065854115,0.131828033,0.26408811,3.966354735,6.611491566000001,13.2069865,,,,,,13.8,18.2,23.9,29.9,30.0,30.5,31.0,32.0,34.0,35.66,
High income,HIC,,,,,,,,,,,,,,,,,,,,,,,,,,,,,,,0.26393635453073894,0.462499303720122,0.719898539369165,1.00359744486168,2.0079493957503898,3.68061278216208,6.7021150606576,10.5701490322935,15.868878851402302,22.9073035395817,30.6894004087175,36.7567907415065,45.225699388201,49.933772378187,55.0883636767408,58.7820140901371,61.473182048469496,66.8903955086149,68.9804592013582,70.1901632072113,72.2804139793796,72.8194568569125,75.5250102380012,76.8427573535915,78.4722833382787,80.01466401248359,81.9677147310856,
"Hong Kong SAR, China",HKG,,,,,,,,,,,,,,,,,,,,,,,,,,,,,,,0.0,0.12095544400000001,0.8495278829999999,1.3345680309999999,2.784198266,3.2186356430000003,4.748838672,10.51875705,14.54597958,21.23068197,27.82776068,38.67140323,43.08238303,52.20004335,56.39988039,56.9,60.8,64.8,66.7,69.4,72.0,72.2,72.9,74.2,79.86627043,84.94835296,87.30034325,
Honduras,HND,,,,,,,,,,,,,,,,,,,,,,,,,,,,,,,0.0,,,,,0.036775252,0.043711245999999995,0.170996468,0.301247214,0.573575476,1.203855999,1.415281931,2.597402597,4.8,5.6,6.5,7.8,9.4,9.6,9.8,11.09,15.9,18.12,17.8,19.08,27.61981381,30.0,
Heavily indebted poor countries (HIPC),HPC,,,,,,,,,,,,,,,,,,,,,,,,,,,,,,,0.0,,,,,,0.00872764468080228,0.0238956294754446,0.0437385608127083,0.10645985420902,0.173378289281725,0.25762253499391197,0.395052416286156,0.6044119629164001,0.9145670472368871,1.2134473852023,1.55789561392973,2.4266206499026404,2.52728328628858,3.1533333349317796,4.929978865243281,5.40863310644457,6.684817620520871,8.144383999315469,10.459854318434699,13.142045073682599,15.667875847299,
Croatia,HRV,,,,,,,,,,,,,,,,,,,,,,,,,,,,,,,0.0,,,0.097213389,0.268318997,0.51402859,0.8589823679999999,1.7296093119999998,3.273220279,4.405359119,6.644882544,11.55857318,17.76,22.75,30.91,33.14,37.98,41.44,44.24,50.58,56.55,57.78997899,61.93997315,66.7476,68.57,69.8031,72.69730605,
Haiti,HTI,,,,,,,,,,,,,,,,,,,,,,,,,,,,,,,0.0,,,,,,0.007484253000000001,,0.023999477,0.070658478,0.231270715,0.340832326,0.8934329879999999,1.6473583459999999,5.4012619079999995,6.376201635,6.796000481,7.2,7.6,8.1,8.37,9.0,9.8,10.6,11.4,12.1977,12.23260161,
Hungary,HUN,,,,,,,,,,,,,,,,,,,,,,,,,,,,,,,0.0,0.00338263,0.048353420999999994,0.193414395,0.483580975,0.6774860540000001,0.9692395359999999,1.9424498719999999,3.894643278,5.857840749,6.999676351000001,14.5285543,16.67,21.63,27.74,38.97,47.06,53.3,61.0,62.0,65.0,68.01998789,70.57999815,72.6439,75.65319745,72.8347,79.25940132,
IBRD only,IBD,,,,,,,,,,,,,,,,,,,,,,,,,,,,,,,0.0,,,0.00815959376769738,0.0191657265371739,0.0514375127701289,0.11051100822074499,0.21892805007891897,0.49519025915102294,0.9708313796906809,1.87756877994975,2.7002125559718997,4.514161862241231,5.79683902665516,7.41443974383837,8.724430869994679,10.570530875850698,13.797825527058402,17.0265292502638,20.3898845779212,24.940791657230395,28.4445791256318,32.209388192285104,35.3055113240245,38.9214654355838,42.8534946467155,46.010838840602595,
IDA & IBRD total,IBT,,,,,,,,,,,,,,,,,,,,,,,,,,,,,,,0.0,,,,0.0185798718688936,0.0461605665040218,0.0933865600815982,0.17975483268913395,0.403056619729324,0.782473996652322,1.56678714317856,2.19752261224998,3.6811742318224,4.79885585205437,6.14409903831382,7.26719389851479,8.90218681471729,11.4903428778346,14.141635013916499,16.8901892313214,20.626836453353,23.4855836231742,26.6565107719799,29.354135706473198,32.738018505381305,36.357043418042295,39.275105943556206,
IDA total,IDA,,,,,,,,,,,,,,,,,,,,,,,,,,,,,,,0.0,,,,,,0.00587320796317553,0.0181679187630869,0.0353752819442679,0.0777854416894058,0.16650953078169198,0.38582668870908604,0.714071848468398,1.27675705694465,1.7001888696549698,2.21100032452789,2.93174835974065,3.72981334252153,4.24252177370966,5.026951483826349,6.542364817763339,7.51157908409219,9.010179574922839,10.7915857642486,13.700599932024,16.6156736422906,19.0708750800385,
IDA blend,IDB,,,,,,,,,,,,,,,,,,,,,,,,,,,,,,,0.0,,,,,,0.00709664206265008,0.025515437815878998,0.04499245048816299,0.0828890633777483,,0.73069452648112,1.43248292920595,2.76083903271663,3.56251217578133,4.519465472606299,5.5885475343455395,6.360702095071031,7.11042534284968,8.0970579854709,9.54438210309231,11.209023115388,13.160254644881801,15.2804658314379,17.597419118276502,21.0118575821826,22.9971255692821,
Indonesia,IDN,,,,,,,,,,,,,,,,,,,,,,,,,,,,,,,0.0,,,,0.0010597439999999998,0.026109477000000002,0.056623989000000007,0.19491026399999997,0.255306646,0.444415936,0.925563864,2.0186138590000002,2.134135733,2.38701978,2.600285876,3.602024763,4.764813134,5.786274729,7.917479385,6.92,10.92,12.28,14.52,14.94,17.14,21.97606771,25.36630059,
IDA only,IDX,,,,,,,,,,,,,,,,,,,,,,,,,,,,,,,0.0,,,,,,,0.0138454233942578,0.0298955289826089,0.075113784616388,0.139682618960854,0.21103387654515698,0.349689793980292,0.5283094501832629,0.763281566241367,1.0443761641959999,1.5058800806881398,2.41041528354018,2.73355055169658,3.41230572959004,5.02349184570946,5.644466482677269,6.9140359894589505,8.55000271773144,11.754199788078301,14.4209129188781,17.1116105868997,
Isle of Man,IMN,,,,,,,,,,,,,,,,,,,,,,,,,,,,,,,,,,,,,,,,,,,,,,,,,,,,,,,,,,
India,IND,,,,,,,,,,,,,,,,,,,,,,,,,,,,,,,0.0,,0.000111308,0.000218176,0.001069562,0.026228879,0.046333977,0.07076784900000001,0.139027329,0.273224277,0.52753245,0.660146377,1.5378755819999999,1.6864899709999999,1.976136492,2.388075,2.805499865,3.95,4.38,5.12,7.5,10.07,12.58006091,15.1,21.0,26.0,29.54716289,
Not classified,INX,,,,,,,,,,,,,,,,,,,,,,,,,,,,,,,,,,,,,,,,,,,,,,,,,,,,,,,,,,
Ireland,IRL,,,,,,,,,,,,,,,,,,,,,,,,,,,,,,,0.0,0.056796044000000004,0.169686377,0.281141005,0.5583772220000001,1.108386328,2.1993018319999997,4.08825507,8.096010043,10.93380859,17.85046724,23.13881219,25.85,34.31,36.99,41.61,54.82,61.15832455,65.34,67.38,69.85,74.88997297,76.91999254,78.2477,79.69,80.1224,82.1697,
"Iran, Islamic Rep.",IRN,,,,,,,,,,,,,,,,,,,,,,,,,,,,,,,0.0,,,,0.00040833199999999997,0.004179752,0.01582608,0.046756094000000005,0.099815221,0.378569095,0.93419002,1.484221332,4.626175115,6.933721952999999,7.49,8.1,8.76,9.47,12.02,13.8,15.9,19.0,22.73,29.95,39.35,45.33497588,53.22677263,
Iraq,IRQ,,,,,,,,,,,,,,,,,,,,,,,,,,,,,,,0.0,,,,,,,,,,,0.1,0.5,0.6,0.9,0.9,0.9523442440000001,0.93,1.0,1.06,2.5,5.0,7.1,9.2,13.21,17.22,21.23,
Iceland,ISL,,,,,,,,,,,,,,,,,,,,,,,,,,,,,,,0.0,0.505129002,1.53916008,2.667825265,6.794811784,11.2158757,14.80647932,27.47886875,36.2642065,41.29456671,44.47053382,49.39299537,79.12,83.14,83.88,87.0,89.51,90.6,91.0,93.0,93.39,94.8196868,96.20979955,96.5468,98.16,98.2,98.2400163,
Israel,ISR,,,,,,,,,,,,,,,,,,,,,,,,,,,,,,,0.110773866,0.2146241,0.310579197,0.39883333299999996,0.57696646,0.93042297,2.1683676,4.399405482,10.30706995,13.43612191,20.87379,17.37862386,17.76459906,19.59339366,22.77048553,25.19404242,27.88107446,48.12806219,59.39,63.12,67.5,68.87387799,70.8,70.25031195,75.01775316,77.35208966,79.77879126,
Italy,ITA,,,,,,,,,,,,,,,,,,,,,,,,,,,,,,,0.017544562,0.035063256,0.070053433,0.122462053,0.19230461899999998,0.524412787,1.023289903,2.276737834,4.558519565,14.37841019,23.11087424,27.22211698,28.04,29.04,33.24,35.0,37.99,40.79,44.53,48.83,53.68,54.3899983,55.82999799,58.4593,55.63846022,58.14173496,61.32425277,
Jamaica,JAM,,,,,,,,,,,,,,,,,,,,,,,,,,,,,,,0.0,,,,0.036817103999999996,0.109487986,0.591145842,0.7977974409999999,1.978726318,2.355688556,3.1157780269999997,3.8630203869999997,6.1,7.8,10.0,12.8,16.4,21.1,23.6,24.3,27.67,37.43861341,33.79,37.1,40.4027351,42.22122119,45.0,
Jordan,JOR,,,,,,,,,,,,,,,,,,,,,,,,,,,,,,,0.0,,,,,0.02323392,0.044938549,0.599341106,1.305888264,2.526965353,2.623275422,4.705719581,6.0255324120000004,8.466005016,11.65874137,12.93285205,13.86710879,20.0,23.0,26.0,27.2,34.9,37.0,41.4,46.2,60.11438269,62.30219257,
Japan,JPN,,,,,,,,,,,,,,,,,,,,,,,,,,,,,,,0.020293683,0.040438041,0.096678025,0.401277526,0.7996842909999999,1.5943631480000002,4.372981968,9.16307714,13.41404088,21.39129031,29.99074036,38.53206086,46.59420112,48.43526589,62.39392963,66.92106609999999,68.68527032,74.3,75.4,78.0,78.21,79.05411352,79.4964,88.21942891,89.10683302,91.05802839,92.0,
Kazakhstan,KAZ,,,,,,,,,,,,,,,,,,,,,,,,,,,,,,,0.0,,,,0.000521079,0.011302355,0.031824512,0.064596754,0.131069604,0.464277218,0.668594403,1.006124211,1.674770995,2.0004147530000003,2.650394657,2.961707492,3.268369051,4.02,11.0,18.2,31.6,50.6,53.31566912,63.0,66.0,72.9,76.8,
Kenya,KEN,,,,,,,,,,,,,,,,,,,,,,,,,,,,,,,0.0,,,,,0.000727482,0.008839115,0.034406051,0.050261388,0.11425602800000001,0.318059714,0.619782266,1.207773885,2.9419028610000004,3.0235280419999997,3.101897702,3.6,4.4,5.2,6.1,7.2,8.8,10.5,13.0,16.5,21.0,26.0,
Kyrgyz Republic,KGZ,,,,,,,,,,,,,,,,,,,,,,,,,,,,,,,0.0,,,,,,,,0.072808334,0.20471135,1.041401145,3.002941327,2.99926518,3.908766268,5.090385307,10.53380134,12.306907,14.03,15.7,16.0,16.3,17.5,19.8,23.0,28.3,30.24704278,34.5,
Cambodia,KHM,,,,,,,,,,,,,,,,,,,,,,,,,,,,,,,0.0,,,,,,,0.0058449109999999995,0.016324986,0.031969578,0.04702264,0.076956056,0.226983238,0.26057019800000003,0.300436644,0.317321781,0.46835672,0.49,0.51,0.53,1.26,3.1,4.94,6.8,14.0,19.0,25.5706868,
Kiribati,KIR,,,,,,,,,,,,,,,,,,,,,,,,,,,,,,,0.0,,,,,,,,0.616545618,1.211577838,1.785225474,2.337458948,2.5,3.0,3.5,4.0,4.5,6.0,7.0,8.97,9.07,10.0,10.74679768,11.5,12.25,12.99748389,13.7,
St. Kitts and Nevis,KNA,,,,,,,,,,,,,,,,,,,,,,,,,,,,,,,0.0,,,,,,1.945569823,2.2585599419999998,3.343810607,4.400440044,5.86281024,7.7147265560000005,21.15238176,22.96978429,24.73767754,34.0,38.5,43.5,49.2,55.7,63.0,63.2,64.0,64.6,68.0,75.7,76.81767491,
"Korea, Rep.",KOR,,,,,,,,,,,,,,,,,,,,,,,,,,,,,,,0.023265092,0.046124435,0.098404337,0.249946523,0.31135936399999997,0.81968667,1.6242371919999998,3.6008015639999997,6.781815468,23.55219445,44.7,56.6,59.4,65.5,72.7,73.5,78.1,78.8,81.0,81.6,83.7,83.75912015,84.07,84.77,87.55682649,89.64863086,92.71654537,
Kuwait,KWT,,,,,,,,,,,,,,,,,,,,,,,,,,,,,,,0.0,,,0.091082245,0.147162703,0.20289843300000002,0.8556623170000001,2.174535859,3.052397455,4.756222209,6.731395768,8.551792434,10.24896793,22.40293838,22.92711204,25.92610837,28.79119795,34.8,42.0,50.8,61.4,65.76907069,70.45,75.46,78.7,77.52326901,78.36738376,
Latin America & Caribbean (excluding high income),LAC,,,,,,,,,,,,,,,,,,,,,,,,,,,,,,,0.0,,0.012682169505906999,0.0280733338741123,0.046649729913048,0.0988267120717374,0.283597505943008,0.566319152041577,1.1587669859472098,1.89709364652109,3.4006313274281,5.088695140366791,8.34457563738876,10.6972211195091,13.848108426658499,16.053911597311,20.1969994979702,23.1934152977353,25.9664076912132,30.5208321115205,34.196125717027805,38.753220483754504,42.5167906077747,45.620162160676,48.0766697920682,53.696384856163505,55.8056920609301,
Lao PDR,LAO,,,,,,,,,,,,,,,,,,,,,,,,,,,,,,,0.0,,,,,,,,0.009657814,0.037780707999999996,0.11104403199999999,0.18166446100000003,0.267899241,0.333912466,0.36143449,0.85035749,1.169893428,1.64,3.55,6.0,7.0,9.0,10.74767619,12.5,14.26,18.2,21.87,
Lebanon,LBN,,,,,,,,,,,,,,,,,,,,,,,,,,,,,,,0.0,,,,,0.07161799099999999,0.140166939,1.2410797390000001,2.722352199,5.376809497999999,7.952743736,6.783219775,7.0,8.0,9.0,10.14,15.0,18.74,22.53,30.14,43.68,52.0,61.24978572,70.5,73.0,74.0,76.11,
Liberia,LBR,,,,,,,,,,,,,,,,,,,,,,,,,,,,,,,0.0,,,,,,,0.004489443,0.004099387,0.011328732,0.017702706000000002,0.033812227,0.032713307000000004,0.031868935,0.031011185,,,0.551376581,0.53,2.0,2.3,2.5,2.6,3.2,5.41,5.903867602999999,7.319106411,
Libya,LBY,,,,,,,,,,,,,,,,,,,,,,,,,,,,,,,0.0,,,,,,,,,0.133617289,0.187042622,0.366533175,2.2444182219999997,2.814517987,3.532838162,3.9177879769999997,4.301051789,4.721999379,9.0,10.8,14.0,14.0,,16.5,17.76,19.01607978,20.27215956,
St. Lucia,LCA,,,,,,,,,,,,,,,,,,,,,,,,,,,,,,,0.0,,,,,0.305656686,0.670465974,0.9921684829999999,1.304988973,1.932105802,5.0904833410000006,8.181863953999999,14.64183577,20.98247346,21.39521236,21.56758295,24.5,27.9,32.0,36.0,43.3,44.0,45.9,46.2,50.0,42.53093047,46.72907806,
Latin America & Caribbean,LCN,,,,,,,,,,,,,,,,,,,,,,,,,,,,,,,0.0,,0.0136850074172263,0.0299084992782325,0.0500678122517147,0.110083608028732,0.30872325630253306,0.609594647858405,1.2296632188863998,2.0524896342903602,3.90371304036598,5.65075369112733,8.88734994520372,11.287153180762699,14.4023870665381,16.629789841534702,20.752634062368898,23.7029350820608,26.500479061627498,31.034304128483,34.7096220522286,39.3464704130905,43.1840180791819,46.2618827732727,48.7691987217949,54.2797329261352,56.373113498961494,
Least developed countries: UN classification,LDC,,,,,,,,,,,,,,,,,,,,,,,,,,,,,,,0.0,,,,,,,0.00850552086067271,0.0210087308831024,0.0571449255602971,0.0993762784643747,0.14462102105813698,0.236191173201077,0.35548840507538704,0.5546595997290219,0.783962451771477,1.1172454099393603,1.9229900451655701,2.12236703391259,2.70537162584764,4.27147929441368,4.79993935311846,6.06008241055158,7.538075538093691,10.4673554536534,13.0243010025983,15.614896271073198,
Low income,LIC,,,,,,,,,,,,,,,,,,,,,,,,,,,,,,,0.0,,,,,,0.0032336576963607,0.0114632592970123,0.0280004611784355,0.072117145087942,0.11352208049441499,0.17300818356905498,0.258451655343462,0.421628320118289,0.6630634907965,0.9105237578410329,1.13546309358127,1.3595977556323502,1.8699478267448,2.36642899647904,3.2598434397494302,3.72486510615175,4.70901138452208,6.05554938389536,7.712589106155749,10.246685979593499,12.4974281999523,
Liechtenstein,LIE,,,,,,,,,,,,,,,,,,,,,,,,,,,,,,,0.0,,,,,,,,,,36.51522989,45.11685265,59.47071067,58.80969184,64.00744814,63.37135615,64.21416136,65.08021844,70.0,75.0,80.0,85.0,89.4077,93.8,95.21,96.64119509999999,98.09390389,
Sri Lanka,LKA,,,,,,,,,,,,,,,,,,,,,,,,,,,,,,,0.0,,,,0.0027654479999999998,0.005484436,0.054464499000000006,0.16246454800000001,0.296351104,0.348414425,0.6474100110000001,0.7938218640000001,1.050422706,1.4585802280000002,1.44615998,1.792046794,2.537566129,3.88,5.8,8.78,12.0,15.0,18.2854,21.9,25.8,29.98873755,32.05100274,
Lower middle income,LMC,,,,,,,,,,,,,,,,,,,,,,,,,,,,,,,0.0,,,,0.0021115095475822397,0.0223866946881692,0.0390005368142474,0.0748423851352748,0.16037231817012,0.280821339080083,0.5598196985061711,0.8743261691584671,1.60281996019384,2.1145033045981396,2.9195880326091803,3.6782979264540603,4.5877863435954405,5.83204301706442,6.88158492918763,7.9893480876819005,10.959229644287902,13.1676006752086,15.6952716534418,18.3072663778093,22.689244976318697,26.8219984225316,29.8523192711676,
Low & middle income,LMY,,,,,,,,,,,,,,,,,,,,,,,,,,,,,,,0.0,,,,0.0140439509402722,0.0388779588870682,0.0794828332318757,0.15785276304461301,0.361929941804841,0.723486323394473,1.4546819671122801,2.06613788876481,3.4691992612694196,4.55473401629809,5.85036463926468,6.935330861707211,8.52514122994723,11.098549813682599,13.726360202185301,16.441682049833698,20.168987447742,23.021916691626394,26.206146161121,29.0394426087332,32.4238661638954,36.070305871771104,38.97862795727521,
Lesotho,LSO,,,,,,,,,,,,,,,,,,,,,,,,,,,,,,,0.0,,,,,,0.00284594,0.005584433000000001,0.010956533000000001,0.05380446,0.21180607,0.261150063,1.0839431370000001,1.53249659,2.175524339,2.580245484,2.979708187,3.44543126,3.58,3.72,3.86,7.0,10.0,15.0,22.0,25.0,27.36,
Late-demographic dividend,LTE,,,,,,,,,,,,,,,,,,,,,,,,,,,,,,,0.0,,,0.009994488737048909,0.0278121866161434,0.0594794374658898,0.14057136112311802,0.269394428254013,0.6297126925105079,1.26673604089493,2.47059845384833,3.56044105816252,5.91299272533248,8.02851688318922,10.382949911238699,12.290260902177401,15.139089242558502,19.9771316850996,25.1973720973312,30.596252112467898,36.032899250308,40.044083691615704,44.63918440580171,48.3232398818004,50.88295881544661,53.585812510984894,56.5438381033724,
Lithuania,LTU,,,,,,,,,,,,,,,,,,,,,,,,,,,,,,,0.0,,,,,,0.277421291,0.978422157,1.972063745,2.9230547000000002,6.427067495,7.179356994,17.69,25.91,31.23,36.22,43.9,49.9,55.22,59.76,62.12,63.6399774,67.22998933,68.4529,72.13,71.378,74.37664556,
Luxembourg,LUX,,,,,,,,,,,,,,,,,,,,,,,,,,,,,,,0.0,,0.153198791,0.302155121,0.496486119,1.590941911,5.551653306,7.142704085,11.74555372,17.387957800000002,22.88732797,36.16342251,39.84,54.55,65.88,70.0,72.51,78.92,82.23,87.31,90.62,90.02985856,91.94992374,93.7765,94.67,97.3341,97.49393019,
Latvia,LVA,,,,,,,,,,,,,,,,,,,,,,,,,,,,,,,0.0,,,,,,0.812717072,2.0534547119999997,3.3152678860000004,4.387409055,6.3190620829999995,7.219345808,21.94,26.98,38.58,46.0,53.63,59.17,63.41,66.84,68.42,69.74995456,73.11994377,75.2344,75.83,79.2006,79.88937141,
"Macao SAR, China",MAC,,,,,,,,,,,,,,,,,,,,,,,,,,,,,,,0.0,,,,0.036993376,0.280014086,0.727273598,2.364127672,7.003324245,9.212005085,13.60858974,22.52121677,25.17188016,25.74212398,31.48409738,34.86292717,46.4,47.327,49.24,54.0,55.198,60.20369672,61.31,65.8,69.78,77.60013186,81.64298546,
St. Martin (French part),MAF,,,,,,,,,,,,,,,,,,,,,,,,,,,,,,,,,,,,,,,,,,,,,,,,,,,,,,,,,,
Morocco,MAR,,,,,,,,,,,,,,,,,,,,,,,,,,,,,,,0.0,,,,,0.003710492,0.005675444,0.021635203,0.142300767,0.175595345,0.693791245,1.3714381009999999,2.373253192,3.3533666810000002,11.60793477,15.08444452,19.77119157,21.5,33.1,41.3,52.0,46.1074826,55.41605319,56.0,56.8,57.08,58.27123642,
Monaco,MCO,,,,,,,,,,,,,,,,,,,,,,,,,,,,,,,0.0,,,,,,,,,,42.18486345,46.64614236,48.04711717,49.49116892,52.49019668,55.46482606,61.47603971,64.3776824,67.25,70.1,75.0,80.3,87.0,90.7,92.4,93.36330202,95.20817797,
Moldova,MDA,,,,,,,,,,,,,,,,,,,,,,,,,,,,,,,0.0,,,,0.0008253910000000001,0.0034572170000000003,0.004643901,0.028128807999999998,0.260818206,0.600695269,1.282846417,1.4878129519999999,3.787242799,7.407544584,10.62939084,14.63027046,19.62064771,20.45,23.39,27.5,32.3,38.0,43.37,45.0,46.6,63.30662538,70.99999911,
Madagascar,MDG,,,,,,,,,,,,,,,,,,,,,,,,,,,,,,,0.0,,,,,,0.0036951959999999996,0.014333647,0.062561023,0.168608781,0.196394691,0.222511586,0.339720155,0.423252419,0.525353655,0.567721802,0.607552239,0.65,1.65,1.63,1.7,1.9,2.3,3.0,3.7,4.17397219,4.713662899,
Maldives,MDV,0.0,,,,,0.0,,,,,0.0,,,,,0.0,0.0,0.0,0.0,0.0,0.0,0.0,0.0,0.0,0.0,0.0,0.0,0.0,0.0,0.0,0.0,0.0,0.0,0.0,0.0,0.0,0.22693009,0.309444238,0.569627464,1.119908615,2.203872939,3.6172906489999996,5.347765169,5.97659285,6.588254875,6.869605067,11.03635278,16.3,23.2,24.8,26.53,34.0,38.9301,44.1,49.28,54.46195515,59.09258997,
Middle East & North Africa,MEA,,,,,,,,,,,,,,,,,,,,,,,,,,,,,,,0.00196039038588653,,,,,0.0371438535762088,0.0844233660692767,0.22774397937291702,0.487321735461687,0.918917803896499,1.69301270423432,2.0766498906854998,3.75720889498429,5.1292307395946395,8.351298094202981,9.75306816782806,11.7924022550573,15.0413603774066,18.7368378825078,21.5977033056323,24.852629196697997,27.7842212894293,31.5633752546456,35.249798244795706,40.1385077814278,44.231819271616104,47.6214167533341,
Mexico,MEX,,,,,,,,,,,,,,,,,,,,,,,,,,,,,,,0.0,0.005880695,0.01730781,0.028305042000000002,0.043339167000000005,0.10256419,0.20040628,0.62731154,1.265783278,1.857436221,5.081384153,7.038023117000001,11.9,12.9,14.1,17.21,19.52,20.81,21.71,26.34,31.05,37.17629541,39.75,43.46,44.39,57.43104299,59.540445999999996,
Marshall Islands,MHL,,,,,,,,,,,,,,,,,,,,,,,,,,,,,,,0.0,0.0,0.0,0.0,0.0,0.0,0.037059432,,,0.9660715670000001,1.5342717959999999,1.706614078,2.335444575,2.5697503669999997,3.5997768139999997,3.878702398,3.7955902139999997,3.95,4.6,5.6,7.0,10.0,12.5,14.0,16.8,19.2824418,29.78777936,
Middle income,MIC,,,,,,,,,,,,,,,,,,,,,,,,,,,,,,,0.0,,,0.00622563147314348,0.0142652043558014,0.0403617399946927,0.0852358444887938,0.169864958900732,0.390258930857315,0.7787000727866701,1.57486803381673,2.23874710251438,3.7662440530775805,4.9407410550640805,6.3408736604190805,7.50845511741238,9.2280780539945,12.0661639855185,14.9311130431584,17.8927450232488,21.8918464800554,25.0563591135271,28.508881058315897,31.477334067291103,35.0886608262618,38.899743723364104,41.9261986366193,
"Macedonia, FYR",MKD,,,,,,,,,,,,,,,,,,,,,,,,,,,,,,,0.0,,,,,0.04074384,0.07599573400000001,0.503985009,1.002861666,1.49733026,2.485566316,3.468184608,17.33,19.07,24.44,26.45,28.62,36.3,46.04,51.77,51.9,56.7,57.44994731,65.24,68.06,70.3802,72.15681447,
Mali,MLI,,,,,,,,,,,,,,,,,,,,,,,,,,,,,,,0.0,,,,,,0.002055228,0.010085919,0.019793888,0.060909872999999996,0.142545755,0.185897413,0.227045578,0.310364443,0.43281964,0.507063136,0.729627281,0.81,1.57,1.8,2.0,2.2,2.8,3.5,7.0,10.33,11.11218649,
Malta,MLT,,,,,,,,,,,,,,,,,,,,,,,,,,,,,,,0.0,,,,,0.224995699,1.051527475,3.920605132,6.500783995,7.759798038,13.11370871,17.87784832,28.92,31.64,34.62,41.24,40.41,46.9,50.08,58.86,63.0,68.01982379,68.19987429,68.9138,73.17,76.184,77.28939482,
Myanmar,MMR,,,,,,,,,,,,,,,,,,,,,,,,,,,,,,,0.0,,,,,,,,,0.000151709,,0.000289277,0.000426494,0.024064149,0.024337392000000003,0.065238856,0.182048331,0.217128445,0.22,0.22,0.25,0.98,4.0,8.0,11.52,21.72583401,25.07330424,
Middle East & North Africa (excluding high income),MNA,,,,,,,,,,,,,,,,,,,,,,,,,,,,,,,0.0,,,,0.00282568886820953,0.0131440587460298,0.0258900855289049,0.0744515281849407,0.158224277027974,0.41662660525278,0.842207741591236,1.1413692468888201,2.81671008109906,4.05009639610098,7.41694566662921,8.53921872627493,9.91224974903069,11.8482386141769,14.9671374817215,17.671424630731998,20.6189163555238,22.868621717494197,26.135011992214604,29.6580978422723,34.686575865956605,39.0100700343807,42.467581138221604,
Montenegro,MNE,,,,,,,,,,,,,,,,,,,,,,,,,,,,,,,,,,,,,,,,,,,,,25.3500686,27.1,28.9,30.8,32.9,35.1,37.5,35.61154125,56.83878255,60.31,61.0,68.11958104,69.88164684,
Mongolia,MNG,,,,,,,,,,,,,,,,,,,,,,,,,,,,,,,0.0,,,,,0.008811225,0.018160749,0.11274255400000001,0.145810542,0.50847156,1.255652004,1.653238239,2.0395726030000003,,,,,9.0,9.8,10.0,10.2,12.49999111,16.4,17.69998424,19.94244743,21.43603111,22.2657705,
Northern Mariana Islands,MNP,,,,,,,,,,,,,,,,,,,,,,,,,,,,,,,0.0,,,,,,,,,,,,,,,,,,,,,,,,,,,
Mozambique,MOZ,,,,,,,,,,,,,,,,,,,,,,,,,,,,,,,0.0,,,,,,0.0030429790000000003,0.011842611000000001,0.020197055,0.056250629,0.10959253,0.16003194699999998,0.259612611,0.41953884399999997,0.679447835,0.8543571179999999,0.842954488,0.91,1.56,2.68,4.17,4.3,6.0,7.29393733,9.236314896,16.93353299,17.52123909,
Mauritania,MRT,,,,,,,,,,,,,,,,,,,,,,,,,,,,,,,0.0,,,,,,,0.0041725270000000005,0.040594795,0.118464464,0.19203146199999999,0.261448552,0.363229415,0.424004896,0.48147043799999995,0.669966475,0.979661253,1.433613196,1.87,2.28,4.0,4.5,5.0,6.2,10.7,15.19912669,18.0,
Mauritius,MUS,,,,,,,,,,,,,,,,,,,,,,,,,,,,,,,0.0,,,,,,0.18376915800000002,0.47562919299999995,2.565279962,4.652213227,7.281535115,8.780904019,10.25262467,12.187106199999999,13.68908859,15.17222875,16.7,20.22,21.81,22.51,28.33,34.95,35.42,40.11682514,44.80327537,50.13931848,53.22617811,
Malawi,MWI,,,,,,,,,,,,,,,,,,,,,,,,,,,,,,,0.0,,,,,,,0.004668518,0.018057365,0.087278755,0.126780945,0.164020725,0.21509472699999999,0.27881511600000003,0.347505335,0.38448933399999996,0.42513749,0.9658647370000001,0.7,1.07,2.26,3.33,4.3506,5.05,5.83,9.298148347,9.614097296,
Malaysia,MYS,,,,,,,,,,,,,,,,,,,,,,,,,,,,,,,0.0,,0.001047822,0.025538477999999996,0.09960741699999999,0.145673837,0.852044466,2.307393234,6.751770483,12.3055022,21.38473116,26.695972499999996,32.33820434,34.97115234,42.25226563,48.62917025,51.63798899,55.7,55.8,55.9,56.3,61.0,65.8,57.05751226,63.66542588,71.06406781,78.78830993,
North America,NAC,,,,,,,,,,,,,,,,,,,,,,,,,,,,,,,0.743037088114256,1.10495093606653,1.64464582017631,2.16453221642111,4.61787674897972,8.73682316992406,15.469499771645902,20.9751340713823,29.585570511292502,35.8824799767721,43.879374108914696,50.162021251388396,59.0571968931638,61.9397408705414,64.8742472235062,68.32787478957711,69.2704538253649,74.82360508812779,74.2665029928779,71.91664651472341,72.5404836415795,71.042549590574,75.5235833999092,72.8302881787651,74.4048152933966,75.94103574213,77.5404103808318,
Namibia,NAM,,,,,,,,,,,,,,,,,,,,,,,,,,,,,,,0.0,,,,,0.006172051,0.009032145,0.05875067900000001,0.286745093,0.33621770799999995,1.644739547,2.4169794419999997,2.633699769,3.359839886,3.804715615,4.010046644,4.398870647,4.835610778,5.329003772,6.5,11.6,12.0,12.9414,13.9,14.84,25.68785182,31.03334594,
New Caledonia,NCL,,,,,,,,,,,,,,,,,,,,,,,,,,,,,,,0.0,,,,,0.005179013,0.252983946,0.9893349690000001,1.936042825,5.688147323,13.93954882,18.23710978,22.38979742,26.40833447,30.29804621,32.35901475,33.51571468,35.05,34.51,33.99,42.0,50.0,58.0,66.0,70.0,74.00175279,,
Niger,NER,,,,,,,,,,,,,,,,,,,,,,,,,,,,,,,0.0,,,,,,0.001039305,0.002008766,0.0029115029999999997,0.028136022000000004,0.036261294,0.105185431,0.127152469,0.155698704,0.189933734,0.22134135100000002,0.294033977,0.39039062,0.7,0.76,0.83,1.3,1.4077,1.7,1.95,2.476219975,4.32275803,
Nigeria,NGA,,,,,,,,,,,,,,,,,,,,,,,,,,,,,,,0.0,,,,,,0.00883298,0.017237401,0.025231461,0.041038723,0.064080808,0.08990137,0.32046197600000004,0.558576245,1.2861376409999998,3.549155718,5.545036082999999,6.77,8.0,9.3,11.5,13.8,16.1,19.1,21.0,24.5,25.67,
Nicaragua,NIC,,,,,,,,,,,,,,,,,,,,,,,,,,,,,,,0.0,,,,0.013166228,0.030046477999999998,0.084093291,0.206216818,0.303808975,0.49790164299999995,0.9802164870000001,1.448799428,1.714729584,1.8804125319999998,2.320664609,2.566351177,2.805573063,3.9,5.3,7.3,10.0,10.6,13.5,15.5,17.6,19.7042915,24.57183396,
Netherlands,NLD,,,,,,,,,,,,,,,,,,,,,,,,,,,,,,,0.33438694199999996,0.531496128,1.320008028,1.967087737,3.2573088310000005,6.47315766,9.649069145,14.0655114,22.24382769,39.17600725,43.98435137,49.37306211,61.29,64.35,68.52,81.0,83.7,85.82,87.42,89.63,90.72,91.41999576,92.85999236,93.9564,91.666666,91.72413793,90.4109589,
Norway,NOR,,,,,,,,,,,,,,,,,,,,,,,,,,,,,,,0.707299448,1.4073951580000001,2.2163658319999997,2.783990846,4.152450292,6.423220493,18.25031077,20.41788144,22.56011255,40.0,52.0,64.0,72.84,78.13,77.69,81.99,82.55,86.93,90.57,92.08,93.39,93.48998265,94.64997805,95.0534,96.3,96.8103,97.29820367,
Nepal,NPL,,,,,,,,,,,,,,,,,,,,,,,,,,,,,,0.0,0.0,0.0,0.0,0.0,0.0,0.0009248780000000001,0.004510473,0.021998858,0.064393596,0.146668869,0.20465168399999997,0.240015303,0.31295606,0.38281091700000003,0.449843651,0.826551266,1.141389164,1.41,1.73,1.97,7.93,9.0,11.1493,13.3,15.44,17.58161801,19.68876384,
Nauru,NRU,,,,,,,,,,,,,,,,,,,,,,,,,,,,,,,0.0,,,,,,,,,,,2.987155233,,,,,,,,,,54.0,,,,,,
New Zealand,NZL,,,,,,,,,,,,,,,,,,,,,,,,,,,,,,,0.0,,0.285941241,0.631215367,3.168718848,4.88424078,8.041899368,14.6015244,31.63626081,41.49448266,47.37955654,53.24101529,59.08075328,60.96253987,61.84762781,62.72021237,69.0,69.76,72.03,79.7,80.46,81.23,81.64447018,82.78,85.5,88.22288882,88.47018635,
OECD members,OED,,,,,,,,,,,,,,,,,,,,,,,,,,,,,,,0.24590901928962303,0.433388347516486,0.6679015837274941,0.8815984731897241,1.77722331667065,3.34846307615022,6.1079249316455195,9.55886834958936,14.3089896499294,20.657579415803898,27.8838387432267,33.3980169075884,41.5248260413295,45.720984636014606,50.5291015366622,54.1468285704574,56.6075568188913,61.8761411302316,63.912649043576,65.321687118511,67.6206343303804,68.53404329851439,70.949513494628,72.2550666160652,73.8512428658348,76.5197458048123,78.58564479192971,
Oman,OMN,,,,,,,,,,,,,,,,,,,,,,,,,,,,,,,0.0,,,,,,0.0,0.439792805,0.862725306,2.5156659869999998,3.5204214169999997,5.893841521000001,6.873396039,7.255742945,6.75885217,6.68358142,8.299716672999999,16.68,20.0,26.8,35.8278,48.0,60.0,66.45,70.22,66.13381127,69.81521334,
Other small states,OSS,,,,,,,,,,,,,,,,,,,,,,,,,,,,,,,0.0,,,,,,0.8591843721751529,1.4838511607848897,2.53528546988723,3.3483736753085696,5.393165535392161,6.65069918279289,8.61556704022553,10.3492258401439,12.1488749776688,12.8946337542853,14.278310184932101,16.122745409585,18.772671215949103,20.804330988492104,24.400375166241197,28.024585552369103,31.3520810149364,36.172160796041496,39.8946640329072,43.42812715035271,45.593539452735605,
Pakistan,PAK,,,,,,,,,,,,,,,,,,,,,,,,,,,,,,,0.0,,,,,0.000122702,0.00299173,0.027549237999999997,0.043947719,0.055357237999999996,,1.318550779,2.5774267369999997,5.041158126,6.164320985,6.332329098,6.5,6.8,7.0,7.5,8.0,9.0,9.96,10.9,12.0,14.0,15.51455779,
Panama,PAN,,,,,,,,,,,,,,,,,,,,,,,,,,,,,,,0.0,,,,0.007636899,0.056123043,0.21999852600000003,0.539065541,2.750648071,3.8368645089999998,6.554796477000001,7.268399877999999,8.518077815,9.987424077,11.14086254,11.48400928,17.34956617,22.29,33.82,39.08,40.1,42.7,40.30189522,44.03,44.92,51.20542499,54.0,
Peru,PER,,,,,,,,,,,,,,,,,,,,,,,,,,,,,,,0.0,,,,0.008504578,0.033412305,0.24623258,0.40342970100000003,1.19038044,1.952497608,3.076430611,7.578762957,8.96694917,11.6,14.1,17.1,20.7,25.2,30.57,31.4,34.77,36.01,38.2,39.2,40.2,40.9,45.46174069,
Philippines,PHL,,,,,,,,,,,,,,,,,,,,,,,,,,,,,,,0.0,,,,0.005844253000000001,0.028585702,0.055946029,0.136912963,1.103405994,1.431608803,1.982253196,2.52400566,4.3322757460000005,4.857672267,5.243628452,5.397636329,5.740586325,5.97,6.22,9.0,25.0,29.0,36.2351,48.09902359,49.6,53.7,55.5,
Palau,PLW,,,,,,,,,,,,,,,,,,,,,,,,,,,,,,,0.0,,,,,,,,,,,,20.24393947,21.60152718,26.97033263,,,,,,,,,,,,,
Papua New Guinea,PNG,,,,,,,,,,,,,,,,,,,,,,,,,,,,,,,0.0,,,,,,0.002067023,0.100588321,0.234958542,0.667113315,0.835249302,0.904103545,1.321656935,1.3744046680000002,1.5079127719999998,1.716190476,1.754487261,1.790559361,1.15,1.61,1.28,2.0,3.5,5.1,6.5,7.9,9.601538462,
Poland,POL,,,,,,,,,,,,,,,,,,,,,,,,,,,,,,,0.0,0.005229468,0.052127180999999995,0.129961704,0.389098144,0.647752333,1.295200255,2.0734654740000003,4.102272002,5.45644373,7.2854287079999995,9.900669707,21.15,24.87,32.53,38.81,44.58,48.6,53.13,58.97,62.32,61.94999897,62.30999727,62.8492,66.6,67.997,73.3007,
Pre-demographic dividend,PRE,,,,,,,,,,,,,,,,,,,,,,,,,,,,,,,0.0,,,,,,0.0048236673559563705,0.0139107706191914,0.0284474635352648,0.0730802208190776,0.12309807620722901,0.186957927907997,0.36354277791977,0.6450234948954899,0.9899689734182109,1.72702963265446,2.47713132475269,3.3247068190674702,3.6982801319468797,4.4105681855471,6.291068416608041,7.192884187051309,8.68208097002009,10.415419509270999,12.487723631158,15.1543437750562,17.354399062973098,
Puerto Rico,PRI,,,,,,,,,,,,,,,,,,,,,,,,,,,,,,,0.0,,,,0.027254662000000002,0.135102783,0.268160428,1.3318221590000001,2.647646679,5.2656826510000005,10.47464821,15.63003092,17.54764757,19.70702566,22.13073823,23.40005045,25.44241821,27.86,38.0,41.5,45.3,48.0,68.99998259999998,68.99999,76.13385972,79.46876883,80.32,
"Korea, Dem. Peoples Rep.",PRK,,,,,,,,,,,,,,,,,,,,,,,,,,,,,,,0.0,,,,,,,0.0,0.0,0.0,0.0,0.0,0.0,0.0,0.0,0.0,0.0,0.0,0.0,0.0,0.0,0.0,0.0,,,,,
Portugal,PRT,,,,,,,,,,,,,,,,,,,,,,,,,,,,,,,0.0,0.10023057,0.250426501,0.450161608,0.718905754,1.494334529,2.98087767,4.953001955,9.870446442,14.74233784,16.43046769,18.08713656,19.37,29.67,31.78,34.99,38.01,42.09,44.13,48.27,53.3,55.24999688,60.33999749,62.0956,64.59,68.6329,70.42356709,
Paraguay,PRY,,,,,,,,,,,,,,,,,,,,,,,,,,,,,,,0.0,,,,,,0.020359612,0.09957671900000001,0.19490495100000002,0.38165732,0.747630712,1.098793836,1.7949695980000002,2.1119420819999997,3.452438431,7.907007861,7.962073884,11.21,14.27,18.9,19.8,24.76351588,29.34,36.9,43.0,48.43868795,51.34987436,
West Bank and Gaza,PSE,,,,,,,,,,,,,,,,,,,,,,,,,,,,,,,0.0,,,,,,,,,,1.111306207,1.8368548390000001,3.100092235,4.130616356,4.4009048260000005,16.005,18.41,21.176,24.358,32.23,37.4,41.08,43.4,46.6,53.67,57.42419241,61.17838483,
Pacific island small states,PSS,,,,,,,,,,,,,,,,,,,,,,,,,,,,,,,0.0,,,,,0.0217089806770952,0.131097921879554,0.285080151648422,0.612237964649537,0.8705621297183059,1.45822209392483,1.86085387336005,3.9964781392484903,4.54842383901153,5.17447490564815,5.582895212265821,6.49838617346761,7.39786557419891,8.696955680173401,10.877920329129601,12.9869185351363,17.673521029332896,20.762298806323198,22.0789555753044,24.793251056377503,28.013615896220603,30.678456582238898,
Post-demographic dividend,PST,,,,,,,,,,,,,,,,,,,,,,,,,,,,,,,0.272078070930674,0.49559502194068894,0.777235172924425,1.0099376277610201,2.01300123740506,3.7503671048652594,6.82563169038674,10.683733470942698,15.9216549981105,22.9428359248453,30.5723616958021,36.6531581049143,44.715751247149704,49.7980076884617,54.976334834795296,58.5039299700699,60.422100719308204,65.6693740891524,67.6511373013156,68.8425372386594,70.9546050934313,71.40275553239199,74.2181273918662,75.69817015338141,77.3574382691782,79.0536858001459,80.9390437607682,
French Polynesia,PYF,,,,,,,,,,,,,,,,,,,,,,,,,,,,,,,0.0,,,,,,0.090971944,0.21438525,1.316164696,3.4489002319999997,6.357063545,6.251588946,8.200216486,14.12429379,17.88453743,21.54218547,25.10796425,28.59,33.87,44.6,49.0,49.0,52.87663059,56.8,60.68,64.56020975,68.44041949,
Qatar,QAT,,,,,,,,,,,,,,,,,,,,,,,,,,,,,,,0.0,,,,,0.190209535,0.930185833,3.0837491860000004,3.52002985,4.070728915,4.863679179,6.170268561,10.22612893,19.24233642,20.70164785,24.73349378,28.97411271,37.0,44.3,53.1,69.0,69.0,69.3,85.3,91.49,92.88482645,94.29111815,
Romania,ROU,,,,,,,,,,,,,,,,,,,,,,,,,,,,,,,0.0,,,0.0037032140000000002,0.026300162000000002,0.074952756,0.22162264899999998,0.44544467600000004,2.2376494730000003,2.697580217,3.6137172910000004,4.538669028999999,6.58,8.9,15.0,21.5,24.66,28.3,32.42,36.6,39.93,40.00999678,45.87999425,49.7645,54.08,55.7632,59.50395129,
Russian Federation,RUS,,,,,,,,,,,,,,,,,,,,,,,,,,,,,,,0.0,,0.000672532,0.013447238,0.053817493,0.14815104199999998,0.26975293,0.472963763,0.8127444509999999,1.018984614,1.977230109,2.944367787,4.128271818,8.298860616,12.8593889,15.226673199999999,18.02327746,24.66,26.83,29.0,43.0,49.0,63.8,67.97,70.52,73.41,76.40908522,
Rwanda,RWA,,,,,,,,,,,,,,,,,,,,,,,,,,,,,,,0.0,,,,,,0.000883372,0.0016257910000000001,0.011763573000000001,0.067176482,0.06283146,0.24067241,0.29278471899999997,0.356918467,0.43085424299999997,0.556041165,,2.115387178,4.5,7.7,8.0,7.0,8.023854277,9.0,10.6,18.0,20.0,
South Asia,SAS,,,,,,,,,,,,,,,,,,,,,,,,,,,,,,,0.0,,0.00010898317633728,0.000213588190327478,0.0010787383877655802,0.0224723897486006,0.0407987010609245,0.0600474207468359,0.117013677938458,0.226317005562423,0.473920912087836,0.6635562041991719,1.4625452372725702,1.8431644130035298,2.18437603564208,2.5466883278998598,2.9833483063669504,3.9734001178418796,4.41682340804885,5.157112646590299,7.20654564155376,9.39309278703748,11.512009799094,13.7466237906087,19.0709449795339,23.1889008556779,26.466113346813003,
Saudi Arabia,SAU,,,,,,,,,,,,,,,,,,,,,,,,,,,,,,,0.0,,,,,0.010956134,0.026732651,0.052099031,0.10142989300000001,0.49358534,2.210691809,4.681053166,6.38470502,8.001582891,10.234533,12.70503599,19.45955435,30.0,36.0,38.0,41.0,47.5,54.0,60.5,64.71365737,69.6162358,73.75090368,
Sudan,SDN,,,,,,,,,,,,,,,,,,,,,,,,,,,,,,,0.0,,,,0.0,0.0,0.0,0.0012318189999999999,0.004805071,0.008794581,0.025785032000000003,0.140185224,0.439477639,0.538471703,0.791561615,1.292040678,,8.66,,,16.7,17.46,21.0,22.7,24.64,26.61492855,28.0,
Senegal,SEN,,,,,,,,,,,,,,,,,,,,,,,,,,,,,,,0.0,,,,,0.000692848,0.011238218999999999,0.027347441,0.079871379,0.311090952,0.40396748600000004,0.983794059,1.006454537,2.10143643,4.38602398,4.786684083,5.6117386520000005,6.89,7.12,7.5,8.0,9.8,10.8,13.1,17.7,21.69026413,25.66476804,
Singapore,SGP,,,,,,,,,,,,,,,,,,,,,,,,,,,,,,,0.0,0.161504498,0.471368155,0.7632781390000001,1.185203797,2.873418722,8.34995903,13.47162042,19.59076716,24.15543693,36.0,41.67042518,47.0,53.83794329,62.0,61.0,59.0,69.9,69.0,69.0,71.0,71.0,72.0,80.90205685,79.02923586,79.012957,81.0,
Solomon Islands,SLB,,,,,,,,,,,,,,,,,,,,,,,,,,,,,,,0.0,,,,,0.02487191,0.268683585,0.391923246,0.5082927970000001,0.49454149799999997,0.481296806,0.468551964,0.5019198429999999,0.555609882,0.649672673,0.8443075729999999,1.6463479890000001,2.0,3.0,4.0,5.0,6.0,6.9974,8.0,9.0,10.00046498,11.00090227,
Sierra Leone,SLE,,,,,,,,,,,,,,,,,,,,,,,,,,,,,,,0.0,,,0.0,0.0,0.0,0.002506116,0.004987835,0.014805065,0.04849065599999999,0.118254246,0.160264445,0.176198957,0.190173282,0.20300768100000002,0.21539161,0.227669467,0.23983469899999998,0.25,0.26,0.58,0.9,2.5,4.0,6.057298984,6.344421603,11.77318438,
El Salvador,SLV,,,,,,,,,,,,,,,,,,,,,,,,,,,,,,,0.0,,,,,,0.086389581,0.25696067899999997,0.425253672,0.845428741,1.177397269,1.5,1.9,2.5,3.2,4.2,5.5,6.11,10.08,12.11,15.9,18.9,20.32138772,23.1093,24.76171215,26.80260496,28.99707305,
San Marino,SMR,,,,,,,,,,,,,,,,,,,,,,,,,,,,,,,0.0,,,,,1.3621327109999999,1.4280751859999998,1.41854848,1.408557941,42.80331575,48.79949531,50.34166909,50.83483994,50.00345304,50.56634304,50.25956420000001,50.20865936,50.36482211,54.52,54.21,,49.6,,,,,,
Somalia,SOM,,,,,,,,,,,,,,,,,,,,,,,,,,,,,,,0.0,,,,,0.0,0.00150955,0.002948713,0.00716442,0.013910394,0.02,0.079039179,0.11561421300000001,0.37619800299999995,1.0534547440000002,1.077327839,1.100216368,1.122235622,1.142687372,1.1606105420000001,,1.25,1.3767,1.5,1.63,1.76,1.88,
Serbia,SRB,,,,,,,,,,,,,,,,,,,,,,,,,,,,,,,,,,,,,,,,,,,,,23.5,26.3,27.2,33.15,35.6,38.1,40.9,42.2,48.1,53.45036418,62.07508046,65.31702539999999,67.05684137,
Sub-Saharan Africa (excluding high income),SSA,,,,,,,,,,,,,,,,,,,,,,,,,,,,,,,0.0,,,,,,0.0686427556786738,0.12863499208323198,0.23370708114794395,0.358971873432163,0.500288946640673,0.641008944017856,0.8275182465964329,1.1076534669053302,1.5033761671991799,2.04174996522107,2.72084137447655,3.4981917926404704,3.9129493643717,4.64759009404479,7.151372933414249,8.4861975588,10.3624591948962,12.413271007116801,14.766400373613301,17.7521696835248,19.995100479160303,
South Sudan,SSD,,,,,,,,,,,,,,,,,,,,,,,,,,,,,,,,,,,,,,,,,,,,,,,,,,,,,,3.829969245,4.51615373,5.5,6.6797280510000006,
Sub-Saharan Africa,SSF,,,,,,,,,,,,,,,,,,,,,,,,,,,,,,,0.0,,,,,,0.06872217785165599,0.12877978859001,0.23398984396980102,0.359684994781716,0.501116247797902,0.6422420418591911,0.8291086373646671,1.10924437621218,1.5060415973083001,2.0444694147349,2.72479419406114,3.50209081797886,3.9171738904480398,4.64759009404479,7.15498989881471,8.48982293627074,10.366219954965699,12.4170362511922,14.7699423932109,17.755638343474,19.998497746786498,
Small states,SST,,,,,,,,,,,,,,,,,,,,,,,,,,,,,,,0.0,,,,,,0.7231859789622199,1.26076727153617,2.25695842186517,3.18145049518556,5.01059322034275,6.69680772072386,8.94516013096319,10.8608226383053,12.623513963769,13.690960055126,15.315492512139599,17.3104268383959,19.9736567801297,22.4401950752931,25.9594584214734,30.2312467779736,32.9524956912151,37.1285299927304,40.64584184635461,43.896236636675994,46.2225488351336,
Sao Tome and Principe,STP,,,,,,,,,,,,,,,,,,,,,,,,,,,,,,,0.0,,,,,,,,0.295847047,0.363203161,4.638516816,6.310917888,7.5806651689999995,10.16184431,13.32285269,13.75948422,14.18201978,14.5904832,15.48,16.41,18.75,20.1612,21.5724,23.0,24.41,25.82,28.0,
Suriname,SUR,,,,,,,,,,,,,,,,,,,,,,,,,,,,,,,0.0,,,,,0.114720735,0.226306297,1.0030869359999999,1.6701484359999998,1.8918713569999999,2.506411052,3.064448389,4.161568745,4.719875395,6.076047814,6.403086288,9.499626942,14.11,21.06,31.36,31.59,32.0,34.6812,37.4,40.08,42.76382778,45.4,
Slovak Republic,SVK,,,,,,,,,,,,,,,,,,,,,,,,,,,,,,,0.0,,,0.127829232,0.318509704,0.523210163,0.7832901090000001,1.173381014,2.689809786,5.437758139,9.426803201,12.52832185,40.14,43.04,52.89,55.19,56.08,61.8,66.05,70.0,75.71,74.43999717,76.70999012,77.8826,79.98,77.6347,80.4759,
Slovenia,SVN,,,,,,,,,,,,,,,,,,,,,,,,,,,,,,,0.0,,,0.409792399,1.071570172,2.898985609,5.072272271,7.591923004,10.10460285,12.61093843,15.11025956,30.17591047,27.83888542,31.85479301,40.81,46.81,54.01,56.74,58.0,64.0,70.0,67.33999481,68.34997453,72.6756,71.59,73.0987,75.49850426,
Sweden,SWE,,,,,,,,,,,,,,,,,,,,,,,,,,,,,,,0.5841920660000001,1.160519453,1.497871352,1.716364182,3.4128100960000003,5.098024243999999,9.04359976,23.72794756,33.46751233,41.43278316,45.68765221,51.76566494,70.57,79.13,83.89,84.83,87.76,82.01,90.0,91.0,90.0,92.76998606,93.17998801,94.7836,92.52,90.6102,91.50682826,
Swaziland,SWZ,,,,,,,,,,,,,,,,,,,,,,,,,,,,,,,0.0,,,,,0.00103175,0.050399009,0.088545986,0.096099605,0.47071759999999996,0.926191777,1.28159005,1.816203807,2.437073851,3.2286850730000003,3.696961073,3.696538789,4.1,6.85,8.94,11.04,18.13,20.78178258,24.7,26.17500573,25.64304231,28.57352278,
Sint Maarten (Dutch part),SXM,,,,,,,,,,,,,,,,,,,,,,,,,,,,,,,,,,,,,,,,,,,,,,,,,,,,,,,,,,
Seychelles,SYC,,,,,,,,,,,,,,,,,,,,,,,,,,,,,,,0.0,,,,,,0.651474286,1.28295593,2.526177514,6.2290548029999995,7.395629183,11.01510293,14.30417083,14.59250432,24.27213922,25.41326815,34.95197117,38.38,40.44,,41.0,43.16400446,47.076,50.4,51.25470199,54.25961786,56.51470815,
Syrian Arab Republic,SYR,0.0,,,,,0.0,,,,,0.0,,,,,0.0,0.0,0.0,0.0,0.0,0.0,0.0,0.0,0.0,0.0,0.0,0.0,0.0,0.0,0.0,0.0,0.0,0.0,0.0,0.0,0.0,0.0,0.032607814,0.063687286,0.124295462,0.18169858,0.35375913,2.093101019,3.397972614,4.321593778,5.648106049,7.832551569,11.5,14.0,17.3,20.7,22.5,24.3001,26.2,28.09,29.97979724,31.86962727,
Turks and Caicos Islands,TCA,,,,,,,,,,,,,,,,,,,,,,,,,,,,,,,0.0,,,,,,,,,,,,,,,,,,,,,,,,,,,
Chad,TCD,,,,,,,,,,,,,,,,,,,,,,,,,,,,,,,0.0,,,,,,,0.000658168,0.004268504,0.012321728,0.035707076000000004,0.045934134,0.166069665,0.320308555,0.36092010700000005,0.39925770000000005,0.581045764,0.8472245209999999,1.19,1.5,1.7,1.9,2.1,2.5,2.9,3.5,5.0,
East Asia & Pacific (IDA & IBRD countries),TEA,,,,,,,,,,,,,,,,,,,,,,,,,,,,,,,0.0,,,0.00116240390457773,0.0040327946209939205,0.013044957073088002,0.0337092235897055,0.09548786902147699,0.328379750449174,0.8641208134576189,1.92172149364427,2.81418807891006,4.460797530338179,5.835218073756749,6.97264594591226,8.42433572856668,10.302429296083,14.5636611515508,19.5018491046505,24.0667116366861,29.318961162100702,32.7888246045414,36.516035763495395,39.7089333070242,42.062233673822796,45.210102630003206,48.3866206866568,
Europe & Central Asia (IDA & IBRD countries),TEC,,,,,,,,,,,,,,,,,,,,,,,,,,,,,,,0.0,,,0.0243410405730863,0.0766280763218337,0.14656198675805499,0.29973272512598803,0.5366822675242221,1.02131610824452,1.5304880306617599,2.49670174685689,3.59920082880596,6.59083309364151,9.111829432539439,12.9405762514595,15.0482076253881,17.8307095967339,23.059126828161396,26.647939767766598,30.443666306617303,38.166886341364105,42.6097699584714,49.872903425417796,53.7257328030996,57.735702643104,60.92789502897389,64.4960018796902,
Togo,TGO,0.0,,,,,0.0,,,,,0.0,,,,,0.0,0.0,0.0,0.0,0.0,0.0,0.0,0.0,0.0,0.0,0.0,0.0,0.0,0.0,0.0,0.0,0.0,0.0,0.0,0.0,0.0,0.010929139,0.211139465,0.305583935,0.5903632639999999,0.8,0.9,1.0,1.2,1.5,1.8,2.0,2.2,2.4,2.6,3.0,3.5,4.0,4.5,5.7,7.12,11.31,
Thailand,THA,0.0,,,,,0.0,,,,,0.0,,,,,0.0,0.0,0.0,0.0,0.0,0.0,0.0,0.0,0.0,0.0,0.0,0.0,0.0,0.0,0.0,0.0,5.22e-05,0.000343725,0.013580966000000002,0.038614321,0.07482533799999999,0.115472136,0.360522185,1.091218985,2.426242432,3.6890412789999996,5.556326121000001,7.531250335,9.299027237999999,10.67730332,15.02600436,17.16071472,20.03,18.2,20.1,22.4,23.66992562,26.46,28.94,34.89,39.31612674,47.50496562,
Tajikistan,TJK,,,,,,,,,,,,,,,,,,,,,,,,,,,,,,,0.0,,,,,,,,,0.032791858,0.048599595,0.051259133,0.055462827,0.064583777,0.077479907,0.298690024,3.772406207,7.197619518,8.78,10.07,11.55,13.03,14.51,16.0,17.49,18.98,20.47,
Turkmenistan,TKM,,,,,,,,,,,,,,,,,,,,,,,,,,,,,,,0.0,,,,,,,,,0.04502077,0.133282183,0.175209518,0.302132016,0.425182632,0.7540539829999999,0.9972565590000001,1.3195731179999999,1.4063606880000001,1.75,1.95,3.0,5.0,7.1958,9.6,12.2,14.99677482,17.99032446,
Latin America & the Caribbean (IDA & IBRD countries),TLA,,,,,,,,,,,,,,,,,,,,,,,,,,,,,,,0.0,,0.0136850074172263,0.0299110804762202,0.050044220490610004,0.111169526378218,0.31309556486991497,0.614442309704355,1.23850481547806,2.06313245512784,3.9216607546599,5.66464161557311,8.91296821982824,11.330539152344901,14.4471779895181,16.6972139234595,20.8921713052321,23.894369441202002,26.6673278928429,31.270152214046696,34.981177762871496,39.704521155238396,43.4027606695706,46.4303152379145,48.9299033645253,54.406673728978994,56.514073214918,
Timor-Leste,TLS,,,,,,,,,,,,,,,,,,,,,,,,,,,,,,,0.0,,,,,,,,,,,,0.0,,,0.099031768,0.5,1.0,1.5,2.0,3.0,4.0,7.0,11.0,17.5,23.0,25.24624959,
Middle East & North Africa (IDA & IBRD countries),TMN,,,,,,,,,,,,,,,,,,,,,,,,,,,,,,,0.0,,,,0.00282568886820953,0.0131440587460298,0.0258900855289049,0.0744515281849407,0.158224277027974,0.41662660525278,0.838755952863302,1.133143862676,2.8133414216249597,4.04913707144215,7.45294420602812,8.449838594926991,9.81004337185742,11.735402049684902,14.8527788926691,17.4928668029268,20.4115894505623,22.641916935258497,25.9143340919913,29.4437562675588,34.444381492142895,38.773140265478,42.2247783476002,
Tonga,TON,,,,,,,,,,,,,,,,,,,,,,,,,,,,,,,0.0,,,,,0.12323112,0.163793456,0.510866122,0.765134358,1.01796712,2.434398044,2.8253718389999998,2.907297316,2.985817368,3.952373895,4.907782762,5.853944095,7.179865329,8.110769944,10.0,16.0,25.0,30.0,32.75396061,35.95444145,38.65127243,39.95,
South Asia (IDA & IBRD),TSA,,,,,,,,,,,,,,,,,,,,,,,,,,,,,,,0.0,,0.00010898317633728,0.000213588190327478,0.0010787383877655802,0.0224723897486006,0.0407987010609245,0.0600474207468359,0.117013677938458,0.226317005562423,0.473920912087836,0.6635562041991719,1.4625452372725702,1.8431644130035298,2.18437603564208,2.5466883278998598,2.9833483063669504,3.9734001178418796,4.41682340804885,5.157112646590299,7.20654564155376,9.39309278703748,11.512009799094,13.7466237906087,19.0709449795339,23.1889008556779,26.466113346813003,
Sub-Saharan Africa (IDA & IBRD countries),TSS,,,,,,,,,,,,,,,,,,,,,,,,,,,,,,,0.0,,,,,,0.06872217785165599,0.12877978859001,0.23398984396980102,0.359684994781716,0.501116247797902,0.6422420418591911,0.8291086373646671,1.10924437621218,1.5060415973083001,2.0444694147349,2.72479419406114,3.50209081797886,3.9171738904480398,4.64759009404479,7.15498989881471,8.48982293627073,10.366219954965699,12.4170362511922,14.7699423932109,17.755638343474,19.998497746786498,
Trinidad and Tobago,TTO,,,,,,,,,,,,,,,,,,,,,,,,,,,,,,,0.0,,,,,0.158149899,0.393080525,1.173174658,2.7248253389999997,5.814250962000001,7.721411474,15.38462722,21.99867548,25.97176411,27.02427008,28.97671243,30.00374858,32.3,34.8,44.3,48.5,55.2,59.5162,63.8,65.1,69.19847061,73.29694122,
Tunisia,TUN,,,,,,,,,,,,,,,,,,,,,,,,,,,,,,,0.0,,,,0.007379544,0.011191953999999999,0.027615372000000003,0.043656974,0.10794095699999999,1.602494764,2.7507402930000002,4.297966035,5.252887295,6.490845795,8.528817752,9.655086542000001,12.98640865,17.1,27.53,34.07,36.8,39.1,41.4416,43.8,46.16,48.51983599,50.87967502,
Turkey,TUR,,,,,,,,,,,,,,,,,,,,,,,,,,,,,,,0.0,,,0.008457731999999999,0.049869182000000005,0.081691205,0.192724936,0.473695432,0.698805129,2.292117685,3.761685035,5.189481461000001,11.38,12.33,14.58,15.46,18.24,28.63,34.37,36.4,39.82,43.06571043,45.13,46.25,51.04,53.74497914,58.34773401,
Tuvalu,TUV,,,,,,,,,,,,,,,,,,,,,,,,,,,,,,,0.0,,,,,,,,,,5.241639585,,,,,,,10.0,15.0,20.0,25.0,30.0,35.0,37.0,39.2,42.7,46.00915151,
Tanzania,TZA,,,,,,,,,,,,,,,,,,,,,,,,,,,,,,,0.0,,,,,,0.001622155,0.007900283000000001,0.009244125,0.075130889,0.11719444,0.17130035100000002,0.222484414,0.676962857,0.8775749709999999,1.1,1.3,1.6,1.9,2.4,2.9,3.2,3.95,4.4,7.0,10.0,13.0,
Uganda,UGA,,,,,,,,,,,,,,,,,,,,,,,,,,,,,,,0.0,,,,,0.002863471,0.0046259479999999995,0.010319341,0.065289465,0.10554394,0.16371406300000002,0.237945087,0.384093505,0.46484984,0.71997068,1.742205503,2.529363038,3.6719653510000003,7.9,9.78,12.5,13.01354333,14.1,15.5,16.9,17.83485947,21.87617046,
Ukraine,UKR,,,,,,,,,,,,,,,,,,,,,,,,,,,,,,,0.0,,,0.00077697,0.013641246000000001,0.043083985,0.098580381,0.198821885,0.301075792,0.405385448,0.716183762,1.2387595470000001,1.8738851159999999,3.148127588,3.4894778810000004,3.749764415,4.506124563999999,6.55,11.0,17.9,23.3,28.70826284,35.27,40.954128999999995,46.23597546,48.88464368,52.48180829,
Upper middle income,UMC,,,,,,,,,,,,,,,,,,,,,,,,,,,,,,,0.0,,,0.0095086119605494,0.0223728824714651,0.0545271580183757,0.126687120335138,0.262429739102422,0.6173375844537271,1.28501934061741,2.53192973210044,3.63832944597651,6.0054664310337404,7.909314708266599,9.94661132604335,11.567171902822,14.0881179303204,18.752676742364798,23.4937832114296,28.5037210215127,33.880455749124195,38.1485100751116,42.753534922697796,46.184982624159495,49.0202556552248,52.5688626890847,55.69540778193711,
Uruguay,URY,,,,,,,,,,,,,,,,,,,,,,,,,,,,,,,0.0,,,,0.06247438599999999,0.310128582,1.847472089,3.3632396680000003,6.987069365,9.972765285,10.53905775,11.12143768,11.4194702,15.93713672,17.06309834,20.08818956,29.4,34.0,39.3,41.8,46.4,51.40466106,54.45376868,57.69,61.46,64.6,66.4,
United States,USA,,,,,,,,,,,,,,,,,,,,,,,,,,,,,,,0.784728502,1.163193726,1.724202539,2.271673294,4.862780635,9.237088297,16.41935296,21.61640097,30.09319659,35.84872446,43.07916264,49.08083159,58.78540388,61.69711712,64.75825648,67.96805292,68.93119327,75.0,74.0,71.0,71.69,69.72946076,74.7,71.4,73.0,74.55420245,76.17673698,
Uzbekistan,UZB,,,,,,,,,,,,,,,,,,,,,,,,,,,,,,,0.0,,,,,0.001527093,0.004285074,0.010536935,0.020754437,0.030688343,0.484347308,0.5975679939999999,1.081939742,1.9125951780000001,2.593725421,3.3435098880000003,6.388321967,7.490604681000001,9.080114522999999,11.9,15.9,18.6,23.6,26.8,35.5,42.8,46.79128694,
St. Vincent and the Grenadines,VCT,,,,,,,,,,,,,,,,,,,,,,,,,,,,,,,0.0,,,,,0.128634622,0.48324831700000004,0.9263719570000001,1.8539976830000002,2.7820023,3.245037411,5.094809778,5.54959488,6.462274167,7.371165842000001,9.198278082,12.0,16.0,21.0,31.0,33.7,36.7,40.0,43.5,47.4,51.77,55.57461942,
"Venezuela, RB",VEN,,,,,,,,,,,,,,,,,,,,,,,,,,,,,,,0.0,,0.012082134,0.041587233,0.055486978,0.122214848,0.24826058,0.39095931799999994,1.383990391,2.839825767,3.359597465,4.636000948,4.910446327,7.499963465,8.404469592,12.55299791,15.22471148,20.83,25.88,32.7,37.37,40.22,49.05008307,54.9,57.0,61.86924809,60.0,
British Virgin Islands,VGB,,,,,,,,,,,,,,,,,,,,,,,,,,,,,,,0.0,,,,,,,,,,,,18.88574127,,,,,,,36.0,37.0,37.4,37.6,,,,,
Virgin Islands (U.S.),VIR,,,,,,,,,,,,,,,,,,,,,,,,,,,,,,,0.0,,,,0.9406452829999999,2.801957634,4.647185663999999,6.948368986,9.245220221,11.07460593,13.81508054,18.37576604,27.49443238,27.42907299,27.37700879,27.34431967,27.33261054,27.33933584,27.36177742,27.39650968,31.22,35.6,40.5479,45.3,50.07,54.839137300000004,59.60831579999999,
Vietnam,VNM,,,,,,,,,,,,,,,,,,,,,,,,,,,,,,,0.0,,,,,,0.00013481299999999998,0.003981962,0.013078543,0.128926663,0.254248276,1.2656512359999998,1.854999236,3.7802808139999997,7.642408528,12.73992929,17.25456172,20.75544477,23.92,26.55,30.65,35.07,36.8,38.5,41.0,43.5,46.5,
Vanuatu,VUT,,,,,,,,,,,,,,,,,,,,,,,,,,,,,,,0.0,,,,,,0.056845636,0.139505815,0.274185942,0.538300048,2.108336891,2.830572239,3.5100387110000004,3.903295845,4.746602619,5.0823338080000005,5.850585059,6.8,7.269119923,7.5,8.0,9.2,10.597999999999999,11.3,18.8,22.35140458,24.0,
World,WLD,,,,,,,,,,,,,,,,,,,,,,,,,,,,,,,0.049687441232573,,,0.253542997692657,0.44997439569736297,0.7823278288278471,1.33413785803189,2.0526629660289197,3.1563664453301,4.653865215057491,6.770066508052451,8.095458176900848,10.579787734322801,12.2752833522124,14.1727766821155,15.7883095369873,17.5810761119666,20.512623069823302,23.067025362369105,25.487004862158198,28.8540458859406,31.2755209963524,34.3409696471734,36.8852987493858,39.9386983401633,43.1984562882465,45.910282039433795,
Samoa,WSM,,,,,,,,,,,,,,,,,,,,,,,,,,,,,,,0.0,,,,,,,0.174571863,0.230359015,0.285308333,0.5663925329999999,1.689902831,2.244832676,2.799630449,3.07552941,3.352592112,4.469173873,4.749983235,5.031615316,6.0,7.0,11.0,12.92249,15.3,21.2,25.40700977,29.41173011,
Kosovo,XKX,,,,,,,,,,,,,,,,,,,,,,,,,,,,,,,,,,,,,,,,,,,,,,,,,,,,,,,,,,
"Yemen, Rep.",YEM,,,,,,,,,,,,,,,,,,,,,,,,,,,,,,,0.0,,,,,,0.000621081,0.015025295,0.023323242999999997,0.056628675,0.08250038700000001,0.090802459,0.518796032,0.6047340999999999,0.8812229890000001,1.048597934,1.247824049,5.01,6.89,9.96,12.35,14.905,17.4465,20.0,22.55,24.08540947,24.57920836,
South Africa,ZAF,,,,,,,,,,,,,,,,,,,,,,,,,,,,,,,0.0,0.013283591,0.038869106,0.113747184,0.246905533,0.6767401040000001,0.8418829309999999,1.632093791,2.906220867,4.116249583,5.348559732,6.346619317999999,6.710322437,7.007691726,8.425118682999999,7.48854253,7.607139675,8.065375174,8.43,10.0,24.0,33.97,41.0,46.5,49.0,51.91911572,54.0,
Zambia,ZMB,,,,,,,,,,,,,,,,,,,,,,,,,,,,,,,0.0,,,,0.006776105,0.008783623,0.009069176,0.009329658000000001,0.030226182999999997,0.14705317199999998,0.191071643,0.23312955600000002,0.477750907,0.9804830390000001,2.013549532,2.851752261,4.159913394,4.87,5.55,6.31,10.0,11.5,13.4682,15.4,19.0,21.0,25.50657885,
Zimbabwe,ZWE,,,,,,,,,,,,,,,,,,,,,,,,,,,,,,,0.0,,,,0.00173928,0.00768354,0.016790483999999998,0.033080327,0.081648476,0.161675528,0.401433535,0.799846046,1.1,1.8,2.1,2.4,2.4,3.0,3.5,4.0,6.4,8.4,12.0,15.5,16.36473996,22.7428181,23.11998904,
